Date,ticker,MarketCap,EnterpriseValue,PeRatio,ForwardPeRatio,PegRatio,PsRatio,PbRatio,EnterprisesValueRevenueRatio,EnterprisesValueEBITDARatio,TotalAssets,CurrentAssets,CashCashEquivalentsAndShortTermInvestments,CashAndCashEquivalents,OtherShortTermInvestments,Receivables,AccountsReceivable,TaxesReceivable,OtherReceivables,ReceivablesAdjustmentsAllowances,Inventory,RawMaterials,WorkInProcess,FinishedGoods,OtherInventories,InventoriesAdjustmentsAllowances,CurrentDeferredAssets,CurrentDeferredTaxesAssets,AssetsHeldForSaleCurrent,OtherCurrentAssets,TotalNonCurrentAssets,NetPPE,GrossPPE,Properties,LandAndImprovements,BuildingsAndImprovements,MachineryFurnitureEquipment,ConstructionInProgress,AccumulatedDepreciation,GoodwillAndOtherIntangibleAssets,Goodwill,OtherIntangibleAssets,InvestmentsAndAdvances,NonCurrentAccountsReceivable,NonCurrentDeferredAssets,NonCurrentDeferredTaxesAssets,NonCurrentPrepaidAssets,DefinedPensionBenefit,OtherNonCurrentAssets,TotalLiabilitiesNetMinorityInterest,CurrentLiabilities,PayablesAndAccruedExpenses,Payables,AccountsPayable,TotalTaxPayable,IncomeTaxPayable,DividendsPayable,CurrentAccruedExpenses,CurrentProvisions,PensionandOtherPostRetirementBenefitPlansCurrent,CurrentDebtAndCapitalLeaseObligation,CurrentDebt,CommercialPaper,OtherCurrentBorrowings,CurrentCapitalLeaseObligation,CurrentDeferredLiabilities,CurrentDeferredTaxesLiabilities,CurrentDeferredRevenue,OtherCurrentLiabilities,TotalNonCurrentLiabilitiesNetMinorityInterest,LongTermDebtAndCapitalLeaseObligation,LongTermDebt,LongTermCapitalLeaseObligation,NonCurrentDeferredLiabilities,NonCurrentDeferredTaxesLiabilities,NonCurrentDeferredRevenue,TradeandOtherPayablesNonCurrent,NonCurrentAccruedExpenses,EmployeeBenefits,NonCurrentPensionAndOtherPostretirementBenefitPlans,OtherNonCurrentLiabilities,TotalEquityGrossMinorityInterest,StockholdersEquity,CapitalStock,CommonStock,AdditionalPaidInCapital,RetainedEarnings,TreasuryStock,GainsLossesNotAffectingRetainedEarnings,OtherEquityInterest,MinorityInterest,TotalCapitalization,CommonStockEquity,CapitalLeaseObligations,NetTangibleAssets,WorkingCapital,InvestedCapital,TangibleBookValue,TotalDebt,NetDebt,ShareIssued,OrdinarySharesNumber,TreasurySharesNumber,OperatingCashFlow,CashFlowFromContinuingOperatingActivities,NetIncomeFromContinuingOperations,OperatingGainsLosses,GainLossOnSaleOfBusiness,DepreciationAmortizationDepletion,DepreciationAndAmortization,Depreciation,AmortizationCashFlow,AmortizationOfIntangibles,DeferredTax,DeferredIncomeTax,AmortizationOfSecurities,AssetImpairmentCharge,StockBasedCompensation,ExcessTaxBenefitFromStockBasedCompensation,OtherNonCashItems,ChangeInWorkingCapital,ChangeInReceivables,ChangesInAccountReceivables,ChangeInInventory,ChangeInPrepaidAssets,ChangeInPayablesAndAccruedExpense,ChangeInPayable,ChangeInAccountPayable,ChangeInAccruedExpense,ChangeInOtherCurrentAssets,ChangeInOtherCurrentLiabilities,ChangeInOtherWorkingCapital,CashFromDiscontinuedOperatingActivities,InvestingCashFlow,CashFlowFromContinuingInvestingActivities,NetPPEPurchaseAndSale,PurchaseOfPPE,SaleOfPPE,NetIntangiblesPurchaseAndSale,PurchaseOfIntangibles,NetBusinessPurchaseAndSale,PurchaseOfBusiness,NetInvestmentPurchaseAndSale,PurchaseOfInvestment,SaleOfInvestment,NetOtherInvestingChanges,FinancingCashFlow,CashFlowFromContinuingFinancingActivities,NetIssuancePaymentsOfDebt,NetLongTermDebtIssuance,LongTermDebtIssuance,LongTermDebtPayments,NetCommonStockIssuance,CommonStockIssuance,CommonStockPayments,CashDividendsPaid,CommonStockDividendPaid,ProceedsFromStockOptionExercised,NetOtherFinancingCharges,EndCashPosition,ChangesInCash,EffectOfExchangeRateChanges,BeginningCashPosition,OtherCashAdjustmentOutsideChangeinCash,CapitalExpenditure,IssuanceOfCapitalStock,IssuanceOfDebt,RepaymentOfDebt,RepurchaseOfCapitalStock,FreeCashFlow,TotalRevenue,OperatingRevenue,CostOfRevenue,GrossProfit,OperatingExpense,SellingGeneralAndAdministration,GeneralAndAdministrativeExpense,OtherGandA,ResearchAndDevelopment,DepreciationAmortizationDepletionIncomeStatement,DepreciationAndAmortizationInIncomeStatement,OtherOperatingExpenses,OperatingIncome,NetNonOperatingInterestIncomeExpense,InterestExpenseNonOperating,OtherIncomeExpense,GainOnSaleOfSecurity,EarningsFromEquityInterest,SpecialIncomeCharges,RestructuringAndMergernAcquisition,OtherSpecialCharges,GainOnSaleOfPPE,OtherNonOperatingIncomeExpenses,PretaxIncome,TaxProvision,NetIncomeCommonStockholders,NetIncome,NetIncomeIncludingNoncontrollingInterests,NetIncomeContinuousOperations,NetIncomeDiscontinuousOperations,NetIncomeExtraordinary,MinorityInterests,OtherunderPreferredStockDividend,DilutedNIAvailtoComStockholders,BasicEPS,DilutedEPS,BasicAverageShares,DilutedAverageShares,TotalOperatingIncomeAsReported,TotalExpenses,NetIncomeFromContinuingAndDiscontinuedOperation,NormalizedIncome,InterestExpense,NetInterestIncome,EBIT,EBITDA,ReconciledCostOfRevenue,ReconciledDepreciation,NetIncomeFromContinuingOperationNetMinorityInterest,TotalUnusualItemsExcludingGoodwill,TotalUnusualItems,NormalizedEBITDA,TaxRateForCalcs,TaxEffectOfUnusualItems,OtherProperties,ChangeInTaxPayable,ChangeInIncomeTaxPayable,CapitalExpenditureReported,CashFromDiscontinuedInvestingActivities,NetShortTermDebtIssuance,ShortTermDebtIssuance,ShortTermDebtPayments,CashFlowFromDiscontinuedOperation,IncomeTaxPaidSupplementalData,InterestPaidSupplementalData,InterestIncomeNonOperating,TotalOtherFinanceCost,NetIncomeFromTaxLossCarryforward,InterestIncome,GrossAccountsReceivable,AllowanceForDoubtfulAccountsReceivable,LoansReceivable,DuefromRelatedPartiesCurrent,RestrictedCash,Leases,InvestmentProperties,LongTermEquityInvestment,InvestmentsinSubsidiariesatCost,InvestmentsinAssociatesatCost,InvestmentinFinancialAssets,OtherInvestments,FinancialAssets,CurrentNotesPayable,LineOfCredit,PreferredSecuritiesOutsideStockEquity,LiabilitiesHeldforSaleNonCurrent,PreferredStock,UnrealizedGainLoss,MinimumPensionLiabilities,ForeignCurrencyTranslationAdjustments,OtherEquityAdjustments,PreferredStockEquity,PreferredSharesNumber,GainLossOnInvestmentSecurities,EarningsLossesFromEquityInvestments,PensionAndEmployeeBenefitExpense,ProvisionandWriteOffofAssets,TaxesRefundPaid,SaleOfBusiness,NetPreferredStockIssuance,PreferredStockIssuance,CashFromDiscontinuedFinancingActivities,InsuranceAndClaims,ProvisionForDoubtfulAccounts,ImpairmentOfCapitalAssets,GainOnSaleOfBusiness,PreferredStockDividends,AverageDilutionEarnings,PrepaidAssets,InterestPayable,NotesReceivable,Amortization,AmortizationOfIntangiblesIncomeStatement,InvestmentsInOtherVenturesUnderEquityMethod,GainLossOnSaleOfPPE,PreferredStockPayments,PreferredStockDividendPaid,AvailableForSaleSecurities
1996-12-31,LHX,,,,,,,,,,,,,,,,,,,,,,,,,,,,,,,,,,,,,,,,,,,,,,,,,,,,,,,,,,,,,,,,,,,,,,,,,,,,,,,,,,,,,,,,,,,,,,,,,,,,,,,10800000.0,10800000.0,45500000.0,,,43700000.0,43700000.0,,,,10100000.0,10100000.0,,,,,3500000.0,-92000000.0,-80100000.0,,,,11800000.0,,,,-300000.0,-23400000.0,,,-101500000.0,-101500000.0,-95900000.0,-95900000.0,,,,,,,,,,83800000.0,83800000.0,96000000.0,,,,2600000.0,2600000.0,,-14800000.0,,,,0.0,-6900000.0,600000.0,0.0,6300000.0,-95900000.0,2600000.0,,,,-85100000.0,,,,,,,,,,,,,,,,,,,,,,,,,,,,,,,,,,,,,,,,,,,,,,,,,,,,,,,,,,,,,,,,,,,,,,,,,,,,,,,,,,,,,,,,,,,,,,,,,,,,,,,,,,,,,,,,,,,,,,
2015-11-30,BA_,97449119128.0,96608119128.0,18.319,15.504,1.969,1.058,14.458,,,,,,,,,,,,,,,,,,,,,,,,,,,,,,,,,,,,,,,,,,,,,,,,,,,,,,,,,,,,,,,,,,,,,,,,,,,,,,,,,,,,,,,,,,,,,,,,,,,,,,,,,,,,,,,,,,,,,,,,,,,,,,,,,,,,,,,,,,,,,,,,,,,,,,,,,,,,,,,,,,,,,,,,,,,,,,,,,,,,,,,,,,,,,,,,,,,,,,,,,,,,,,,,,,,,,,,,,,,,,,,,,,,,,,,,,,,,,,,,,,,,,,,,,,,,,,,,,,,,,,,,,,,,,,,,,,,,,,,,
1996-03-31,BA_,,,,,,,,,,,,,,,,,,,,,,,,,,,,,,,,,,,,,,,,,,,,,,,,,,,,,,,,,,,,,,,,,,,,,,,,,,,,,,,,,,,,,,,,,,,,,,,,,,,,,,,,,,,,,,,,,,,,,,,,,,,,,,,,,,,,,,,,,,,,,,,,,,,,,,,,,,,,,,,,,,,,,,,,,,4293000000.0,4293000000.0,4139000000.0,154000000.0,,,,,,,,,154000000.0,,,,,,,,,,,170000000.0,51000000.0,119000000.0,119000000.0,119000000.0,119000000.0,,,,,119000000.0,0.175,0.175,689600000.0,689600000.0,154000000.0,4139000000.0,119000000.0,119000000.0,,,154000000.0,,4139000000.0,240000000.0,119000000.0,,,394000000.0,0.3,0.0,,,,,,,,,,,,,,,,,,,,,,,,,,,,,,,,,,,,,,,,,,,,,,,,,,,,,,,,,,,,,,,,
2017-09-29,GD_,61563357255.0,63685357255.0,,,,,,,,,,,,,,,,,,,,,,,,,,,,,,,,,,,,,,,,,,,,,,,,,,,,,,,,,,,,,,,,,,,,,,,,,,,,,,,,,,,,,,,,,,,,,,,,,,,,,,,,,,,,,,,,,,,,,,,,,,,,,,,,,,,,,,,,,,,,,,,,,,,,,,,,,,,,,,,,,,,,,,,,,,,,,,,,,,,,,,,,,,,,,,,,,,,,,,,,,,,,,,,,,,,,,,,,,,,,,,,,,,,,,,,,,,,,,,,,,,,,,,,,,,,,,,,,,,,,,,,,,,,,,,,,,,,,,,,,,,,,,
2001-02-28,BA_,51898688843.0,59687688843.0,25.492,,,1.056,4.71,,,,,,,,,,,,,,,,,,,,,,,,,,,,,,,,,,,,,,,,,,,,,,,,,,,,,,,,,,,,,,,,,,,,,,,,,,,,,,,,,,,,,,,,,,,,,,,,,,,,,,,,,,,,,,,,,,,,,,,,,,,,,,,,,,,,,,,,,,,,,,,,,,,,,,,,,,,,,,,,,,,,,,,,,,,,,,,,,,,,,,,,,,,,,,,,,,,,,,,,,,,,,,,,,,,,,,,,,,,,,,,,,,,,,,,,,,,,,,,,,,,,,,,,,,,,,,,,,,,,,,,,,,,,,,,,,,,,,,,,
1989-06-30,BA_,,,,,,,,,,12897000000.0,8631000000.0,3659000000.0,3659000000.0,,1583000000.0,,,,,3342000000.0,,,,,,,,,47000000.0,4266000000.0,2939000000.0,6798000000.0,,,,,,-3859000000.0,,,,,,,,,,1327000000.0,7253000000.0,6753000000.0,5026000000.0,5026000000.0,5026000000.0,,,,,,,4000000.0,4000000.0,,,,,,,1723000000.0,500000000.0,249000000.0,249000000.0,,216000000.0,216000000.0,,,,,,35000000.0,5644000000.0,5644000000.0,,,,3974000000.0,,,1670000000.0,,5893000000.0,5644000000.0,,5644000000.0,1878000000.0,5897000000.0,5644000000.0,253000000.0,,690490000.0,690490000.0,,,,,,,,,,,,,,,,,,,,,,,,,,,,,,,,,,,,,,,,,,,,,,,,,,,,,,,,,,,,,,,,,,,,,,,,,,,,,,,,,,,,,,,,,,,,,,,,,,,,,,,,,,,,,,,,,,,,,,,,,,,,,,,,,,,,,,,,,,,,,,,,,,,,,,,,,,,,,,,,,,,,,,,,,,,,,,,,,,,,,,,,,,
1996-03-31,LMT,,,,,,,,,,17682000000.0,8020000000.0,156000000.0,156000000.0,,4130000000.0,4130000000.0,,,,2862000000.0,,3891000000.0,,906000000.0,-1935000000.0,572000000.0,572000000.0,,300000000.0,9662000000.0,3116000000.0,,,,,,,,4532000000.0,2769000000.0,1763000000.0,,,,,,,2014000000.0,11026000000.0,5229000000.0,1016000000.0,1016000000.0,763000000.0,253000000.0,253000000.0,,,,713000000.0,598000000.0,598000000.0,,,,1416000000.0,,1416000000.0,1486000000.0,5797000000.0,3003000000.0,3003000000.0,,,,,,,1667000000.0,1667000000.0,1127000000.0,6656000000.0,6656000000.0,1199000000.0,199000000.0,711000000.0,5025000000.0,,,-279000000.0,,9659000000.0,5656000000.0,,2124000000.0,2791000000.0,9257000000.0,1124000000.0,3601000000.0,3445000000.0,398102000.0,398102000.0,,,,,,,,,,,,,,,,,,,,,,,,,,,,,,,,,,,,,,,,,,,,,,,,,,,,,,,,,,,,,,,,,,,,,,,,,,,,,,,,,,,,,,,,,,,,,,,,,,,,,,,,,,,,,,,,,,,,,,,,,,,,,,,,,,,,,,,,,,,,,,,,,,,,,,,,,,,1000000000.0,,,,,1000000000.0,,,,,,,,,,,,,,,,,,,,,,,,,,
1995-03-31,GD_,,,,,,,,,,,,,,,,,,,,,,,,,,,,,,,,,,,,,,,,,,,,,,,,,,,,,,,,,,,,,,,,,,,,,,,,,,,,,,,,,,,,,,,,,,,,,,,,,,,,,,,,,,,,,,,,,,,,,,,,,,,,,,,,,,,,,,,,,,,,,,,,,,,,,,,,,,,,,,,,,,,,,,,,,,753000000.0,753000000.0,666000000.0,87000000.0,8000000.0,,,,,8000000.0,8000000.0,,79000000.0,,,13000000.0,,,13000000.0,,,,,92000000.0,32000000.0,60000000.0,60000000.0,60000000.0,60000000.0,,,,,60000000.0,0.24,0.24,250000000.0,250000000.0,79000000.0,674000000.0,60000000.0,51521739.13,,,79000000.0,,666000000.0,8000000.0,60000000.0,13000000.0,13000000.0,74000000.0,0.348,4521739.13,,,,,,,,,,,,,,,,,,,,,,,,,,,,,,,,,,,,,,,,,,,,,,,,,,,,,,,,,,,,,,,,
2020-09-30,HII,,,,,,,,,,,,,,,,,,,,,,,,,,,,,,,,,,,,,,,,,,,,,,,,,,,,,,,,,,,,,,,,,,,,,,,,,,,,,,,,,,,,,,,,,,,,,,,,,,,,,,,222000000.0,222000000.0,222000000.0,-8000000.0,,59000000.0,59000000.0,44000000.0,15000000.0,15000000.0,-28000000.0,-28000000.0,,,3000000.0,,4000000.0,-35000000.0,3000000.0,3000000.0,8000000.0,-56000000.0,143000000.0,,,,,,-133000000.0,,-67000000.0,-67000000.0,,,,,,1000000.0,1000000.0,,,,2000000.0,-42000000.0,-42000000.0,0.0,0.0,0.0,0.0,0.0,,0.0,-42000000.0,-42000000.0,,0.0,744000000.0,113000000.0,,631000000.0,,-70000000.0,,0.0,0.0,0.0,152000000.0,,,,,,,,,,,,,,,,,,,,,,,,,,,,,,,,,,,,,,,,,,,,,,,,,,,,,,,,,,-70000000.0,,0.0,0.0,0.0,,83000000.0,1000000.0,,,,,,,,,,,,,,,,,,,,,,,,,,,,,-8000000.0,,,-8000000.0,,,,,,,,,,,,,,,,,,,,,
2008-06-30,RTX,,,,,,,,,,,,,,,,,,,,,,,,,,,,,,,,,,,,,,,,,,,,,,,,,,,,,,,,,,,,,,,,,,,,,,,,,,,,,,,,,,,,,,,,,,,,,,,,,,,,,,,,,,,,,,,,,,,,,,,,,,,,,,,,,,,,,,,,,,,,,,,,,,,,,,,,,,,,,,,,,,,,,,,,,,15667000000.0,15535000000.0,11359000000.0,4308000000.0,2209000000.0,1775000000.0,,,434000000.0,,,,2099000000.0,,,132000000.0,,,132000000.0,,,,,1923000000.0,548000000.0,1275000000.0,1275000000.0,1375000000.0,1275000000.0,,,-100000000.0,,1275000000.0,1.35,1.32,944000000.0,966000000.0,2099000000.0,13568000000.0,1275000000.0,1180616224.649,,,2099000000.0,,11359000000.0,326000000.0,1275000000.0,132000000.0,132000000.0,2293000000.0,0.285,37616224.649,,,,,,,,,,,,,,,,,,,,,,,,,,,,,,,,,,,,,,,,,,,,,,,,,,,,,,,,,,,,,,,,
1995-09-30,RTX,,,,,,,,,,,,,,,,,,,,,,,,,,,,,,,,,,,,,,,,,,,,,,,,,,,,,,,,,,,,,,,,,,,,,,,,,,,,,,,,,,,,,,,,,,,,,,,,,,,,,,,,,,,,,,,,,,,,,,,,,,,,,,,,,,,,,,,,,,,,,,,,,,,,,,,,,,,,,,,,,,,,,,,,,,5604000000.0,5604000000.0,4125000000.0,1479000000.0,1093000000.0,642000000.0,,,251000000.0,200000000.0,200000000.0,,386000000.0,,,47000000.0,,,47000000.0,,,,,341000000.0,131000000.0,203000000.0,210000000.0,245000000.0,210000000.0,,,-35000000.0,,203000000.0,0.025,0.025,976064000.0,976064000.0,386000000.0,5218000000.0,210000000.0,181055718.475,,,386000000.0,,4125000000.0,200000000.0,210000000.0,47000000.0,47000000.0,539000000.0,0.384,18055718.475,,,,,,,,,,,,,,,,,,,,,,,,,,,,,,,,,,,,,,,,,,,,,,,,,,,,,7000000.0,,,,,,,,,,,
1988-01-29,BA_,6956417907.0,3791417907.0,,,,,,,,,,,,,,,,,,,,,,,,,,,,,,,,,,,,,,,,,,,,,,,,,,,,,,,,,,,,,,,,,,,,,,,,,,,,,,,,,,,,,,,,,,,,,,,,,,,,,,,,,,,,,,,,,,,,,,,,,,,,,,,,,,,,,,,,,,,,,,,,,,,,,,,,,,,,,,,,,,,,,,,,,,,,,,,,,,,,,,,,,,,,,,,,,,,,,,,,,,,,,,,,,,,,,,,,,,,,,,,,,,,,,,,,,,,,,,,,,,,,,,,,,,,,,,,,,,,,,,,,,,,,,,,,,,,,,,,,,,,,,
2011-09-30,BA_,,,,,,,,,,,,,,,,,,,,,,,,,,,,,,,,,,,,,,,,,,,,,,,,,,,,,,,,,,,,,,,,,,,,,,,,,,,,,,,,,,,,,,,,,,,,,,,,,,,,,,,,,,,,,,,,,,,,,,,,,,,,,,,,,,,,,,,,,,,,,,,,,,,,,,,,,,,,,,,,,,,,,,,,,,17727000000.0,17727000000.0,14357000000.0,3370000000.0,1656000000.0,807000000.0,,,901000000.0,,,-52000000.0,1714000000.0,-121000000.0,121000000.0,49000000.0,,,49000000.0,,,,,1642000000.0,548000000.0,1098000000.0,1098000000.0,1098000000.0,1094000000.0,4000000.0,,,,1098000000.0,1.47,1.46,748000000.0,753900000.0,1714000000.0,16013000000.0,1098000000.0,1061353227.771,121000000.0,-121000000.0,1763000000.0,,14357000000.0,417000000.0,1094000000.0,49000000.0,49000000.0,2131000000.0,0.334,16353227.771,,,,,,,,,,,,,,,,,,,,,,,,,,,,,,,,,,,,,,,,,,,,,,,,,,,,,,,,,,,,,,,,
2019-03-29,GE_,87009282800.0,128608282800.0,,,,,,,,,,,,,,,,,,,,,,,,,,,,,,,,,,,,,,,,,,,,,,,,,,,,,,,,,,,,,,,,,,,,,,,,,,,,,,,,,,,,,,,,,,,,,,,,,,,,,,,,,,,,,,,,,,,,,,,,,,,,,,,,,,,,,,,,,,,,,,,,,,,,,,,,,,,,,,,,,,,,,,,,,,,,,,,,,,,,,,,,,,,,,,,,,,,,,,,,,,,,,,,,,,,,,,,,,,,,,,,,,,,,,,,,,,,,,,,,,,,,,,,,,,,,,,,,,,,,,,,,,,,,,,,,,,,,,,,,,,,,,
2009-06-30,LHX,,,,,,,,,,,,,,,,,,,,,,,,,,,,,,,,,,,,,,,,,,,,,,,,,,,,,,,,,,,,,,,,,,,,,,,,,,,,,,,,,,,,,,,,,,,,,,,,,,,,,,,262300000.0,262300000.0,-156400000.0,55200000.0,,50200000.0,50200000.0,,,,-39600000.0,-39600000.0,,255500000.0,14400000.0,,-18800000.0,101800000.0,62700000.0,,-20300000.0,,100600000.0,100600000.0,,,,-41200000.0,,,-761100000.0,-761100000.0,-20300000.0,-20300000.0,,-4600000.0,-4600000.0,-736200000.0,-736200000.0,0.0,0.0,0.0,,323800000.0,323800000.0,452400000.0,452400000.0,453300000.0,-900000.0,-100000.0,,-100000.0,-26500000.0,,-2000000.0,,281200000.0,-175000000.0,4200000.0,452000000.0,,-24900000.0,,453300000.0,-900000.0,-100000.0,237400000.0,,,,,,,,,,,,,,,,,,,,,,,,,,,,,,,,,,,,,,,,,,,,,,,,,,,,,,,,-37700000.0,-37700000.0,,,,,,,,,,,,,,,,,,,,,,,,,,,,,,,,,,,,,,,,,,,,,,,,,,,,,,,,,,,,,
2001-09-30,BA_,,,,,,,,,,,,,,,,,,,,,,,,,,,,,,,,,,,,,,,,,,,,,,,,,,,,,,,,,,,,,,,,,,,,,,,,,,,,,,,,,,,,,,,,,,,,,,,,,,,,,,,,,,,,,,,,,,,,,,,,,,,,,,,,,,,,,,,,,,,,,,,,,,,,,,,,,,,,,,,,,,,,,,,,,,13687000000.0,13687000000.0,11410000000.0,2277000000.0,1211000000.0,644000000.0,,,515000000.0,,,52000000.0,1066000000.0,,,-52000000.0,,28000000.0,-80000000.0,,,,,937000000.0,287000000.0,650000000.0,650000000.0,650000000.0,650000000.0,,,,,650000000.0,0.81,0.8,802469136.0,812500000.0,1066000000.0,12621000000.0,650000000.0,705496264.674,,,1066000000.0,,11410000000.0,351000000.0,650000000.0,-80000000.0,-80000000.0,1497000000.0,0.306,-24503735.326,,,,,,,,,,,,,,,,,,,,,,,,,,,,,,,,,,,,,,,,,,,,,,,,,,,,,,,,,,,,,,,,
2003-09-30,LMT,,,,,,,,,,24880000000.0,9714000000.0,2082000000.0,1835000000.0,247000000.0,3552000000.0,3552000000.0,,,,2158000000.0,,5721000000.0,,221000000.0,-3784000000.0,1286000000.0,1286000000.0,,636000000.0,15166000000.0,3279000000.0,8337000000.0,,,,,,-5058000000.0,8101000000.0,,8101000000.0,,,,,,,3786000000.0,18582000000.0,8312000000.0,1298000000.0,1298000000.0,1298000000.0,,,,,,,150000000.0,150000000.0,,,,,,,6864000000.0,10270000000.0,6073000000.0,6073000000.0,,,,,,,,,4197000000.0,6298000000.0,6298000000.0,451000000.0,451000000.0,2652000000.0,4808000000.0,,-1613000000.0,,,12371000000.0,6298000000.0,,-1803000000.0,1402000000.0,12521000000.0,-1803000000.0,6223000000.0,4388000000.0,450875015.0,450875015.0,,,,,,,,,,,,,,,,,,,,,,,,,,,,,,,,,,,,,,,,,,,,,,,,,,,,,,,,,,,,,,,,,,,,,,,,,,,,,,,,,,,,,,,,,,,,,,,,,,,,,,,,,,,,,,,,,,,,,,,,,,,,,,,,,,,,,,,,,,,,,,,,,,,,,,,,,,,,,,,,,,,,,,,,,,,,,,,,,,,,,,,,,,
2008-06-30,LHX,,,,,,,,,,4558600000.0,2046700000.0,392400000.0,370000000.0,22400000.0,859000000.0,859000000.0,,,,610400000.0,158800000.0,59700000.0,135400000.0,256500000.0,,117200000.0,117200000.0,,67700000.0,2511900000.0,482200000.0,1257500000.0,0.0,12600000.0,350900000.0,813700000.0,,-775300000.0,1914300000.0,1547300000.0,367000000.0,,,,,,,115400000.0,1954300000.0,995000000.0,629900000.0,390800000.0,390800000.0,,,,239100000.0,,,14200000.0,14200000.0,,,,,,,350900000.0,959300000.0,831800000.0,831800000.0,,29800000.0,29800000.0,,,,,,97700000.0,2604300000.0,2274000000.0,133600000.0,133600000.0,453600000.0,1660800000.0,,26000000.0,,330300000.0,3105800000.0,2274000000.0,,359700000.0,1051700000.0,3120000000.0,359700000.0,846000000.0,476000000.0,133594320.0,133594320.0,,,,,,,,,,,,,,,,,,,,,,,,,,,,,,,,,,,,,,,,,,,,,,,,,,,,,,,,,,,,,,,,,,,,,,,,,,,,,,,,,,,,,,,,,,,,,,,,,,,,,,,,,,,,,,,,,,,,,,,,,,,80300000.0,,,,,,,,,,,,,,,,,,,,,,,,,,,,,,,,,,,46500000.0,-20500000.0,,,,,,,,,,,,,,,,,,,,,,,,,,,
2007-12-31,RTX,75280687380.0,81524687380.0,17.925,,,1.382,3.525,5.541,38.766,,,,,,,,,,,,,,,,,,,,,,,,,,,,,,,,,,,,,,,,,,,,,,,,,,,,,,,,,,,,,,,,,,,,,,,,,,,,,,,,,,,,,,,,,,,,,,,,,,,,,,,,,,,,,,,,,,,,,,,,,,,,,,,,,,,,,,,,,,,,,,,,,,,,,,,,,,,,,,,,,,,,,,,,,,,,,,,,,,,,,,,,,,,,,,,,,,,,,,,,,,,,,,,,,,,,,,,,,,,,,,,,,,,,,,,,,,,,,,,,,,,,,,,,,,,,,,,,,,,,,,,,,,,,,,,,,,,,,,
1996-12-31,BA_,,,,,,,,,,,,,,,,,,,,,,,,,,,,,,,,,,,,,,,,,,,,,,,,,,,,,,,,,,,,,,,,,,,,,,,,,,,,,,,,,,,,,,,,,,,,,,,,,,,,,,,,,,,,,,,,,,,,,,,,,,,,,,,,,,,,,,,,,,,,,,,,,,,,,,,,,,,,,,,,,,,,,,,,,,6512000000.0,6512000000.0,6090000000.0,422000000.0,,,,,,,,,422000000.0,,,-129000000.0,,,-129000000.0,,,,,338000000.0,84000000.0,254000000.0,254000000.0,254000000.0,254000000.0,,,,,254000000.0,,,,,422000000.0,6090000000.0,254000000.0,350940828.402,,,422000000.0,,6090000000.0,251000000.0,254000000.0,-129000000.0,-129000000.0,802000000.0,0.249,-32059171.598,,,,,,,,,,,,,,,,,,,,,,,,,,,,,,,,,,,,,,,,,,,,,,,,,,,,,,,,,,,,,,,,
2007-12-31,RTX,,,,,,,,,,54575000000.0,22071000000.0,2904000000.0,2904000000.0,,8844000000.0,8844000000.0,,,,8101000000.0,1281000000.0,7536000000.0,3694000000.0,,-4410000000.0,1267000000.0,1267000000.0,,955000000.0,32504000000.0,6296000000.0,14877000000.0,0.0,351000000.0,4561000000.0,9394000000.0,571000000.0,-8581000000.0,19877000000.0,16120000000.0,3757000000.0,,,1126000000.0,1126000000.0,,,5205000000.0,32308000000.0,17469000000.0,16336000000.0,5059000000.0,5059000000.0,,,,11277000000.0,,,1133000000.0,1133000000.0,,,,,,,,14839000000.0,8015000000.0,8015000000.0,,,,,,,2562000000.0,2562000000.0,4262000000.0,22267000000.0,21355000000.0,10572000000.0,10572000000.0,,21751000000.0,11338000000.0,584000000.0,-214000000.0,912000000.0,29370000000.0,21355000000.0,,1478000000.0,4602000000.0,30503000000.0,1478000000.0,9148000000.0,6244000000.0,983547000.0,983547000.0,,,,,,,,,,,,,,,,,,,,,,,,,,,,,,,,,,,,,,,,,,,,,,,,,,,,,,,,,,,,,,,,,,,,,,,,,,,,,,,,,,,,,,,,,,,,,,,,,,,,,,,,,,,,,,,,,,,,,,,,,,,,,,,,,,,,,,,,,,9142000000.0,-298000000.0,,,,,,,,,,,,,,,,0.0,,,1355000000.0,-771000000.0,,,,,,,,,,,,,,,,,,,,,,,,,,,
2002-06-30,LMT,,,,,,,,,,,,,,,,,,,,,,,,,,,,,,,,,,,,,,,,,,,,,,,,,,,,,,,,,,,,,,,,,,,,,,,,,,,,,,,,,,,,,,,,,,,,,,,,,,,,,,,,,,,,,,,,,,,,,,,,,,,,,,,,,,,,,,,,,,,,,,,,,,,,,,,,,,,,,,,,,,,,,,,,,,6290000000.0,6290000000.0,5807000000.0,483000000.0,,,,,,,,,483000000.0,,,43000000.0,,,43000000.0,,,,,381000000.0,30000000.0,339000000.0,339000000.0,339000000.0,351000000.0,-12000000.0,,,,339000000.0,0.76,0.75,446052632.0,452000000.0,483000000.0,5807000000.0,339000000.0,311385826.772,,,483000000.0,,5807000000.0,138000000.0,351000000.0,43000000.0,43000000.0,578000000.0,0.079,3385826.772,,,,,,,,,,,,,,,,,,,,,,,,,,,,,,,,,,,,,,,,,,,,,,,,,,,,,,,,,,,,,,,,
2002-12-31,BA_,,,,,,,,,,,,,,,,,,,,,,,,,,,,,,,,,,,,,,,,,,,,,,,,,,,,,,,,,,,,,,,,,,,,,,,,,,,,,,,,,,,,,,,,,,,,,,,,,,,,,,,,,,,,,,,,,,,,,,,,,,,,,,,,,,,,,,,,,,,,,,,,,,,,,,,,,,,,,,,,,,,,,,,,,,13701000000.0,13701000000.0,11371000000.0,2330000000.0,1247000000.0,740000000.0,,,424000000.0,,,83000000.0,1083000000.0,,,-85000000.0,,,-52000000.0,,,,,849000000.0,259000000.0,590000000.0,590000000.0,590000000.0,590000000.0,,0.0,,,590000000.0,,,,,1039000000.0,12618000000.0,590000000.0,626136631.331,,,1081000000.0,,11371000000.0,493000000.0,590000000.0,-52000000.0,-52000000.0,1626000000.0,0.305,-15863368.669,,,,,,,,,,,,,,,,,,,,,,,,,,,,,,,,,,,,,,,,,,,,,,,,,,,,,,,,,,,,,,,,
2007-09-28,BA_,81373852191.0,82397852191.0,,,,,,,,,,,,,,,,,,,,,,,,,,,,,,,,,,,,,,,,,,,,,,,,,,,,,,,,,,,,,,,,,,,,,,,,,,,,,,,,,,,,,,,,,,,,,,,,,,,,,,,,,,,,,,,,,,,,,,,,,,,,,,,,,,,,,,,,,,,,,,,,,,,,,,,,,,,,,,,,,,,,,,,,,,,,,,,,,,,,,,,,,,,,,,,,,,,,,,,,,,,,,,,,,,,,,,,,,,,,,,,,,,,,,,,,,,,,,,,,,,,,,,,,,,,,,,,,,,,,,,,,,,,,,,,,,,,,,,,,,,,,,
2005-10-31,GD_,23411505521.0,24954505521.0,16.929,,,1.141,2.936,,,,,,,,,,,,,,,,,,,,,,,,,,,,,,,,,,,,,,,,,,,,,,,,,,,,,,,,,,,,,,,,,,,,,,,,,,,,,,,,,,,,,,,,,,,,,,,,,,,,,,,,,,,,,,,,,,,,,,,,,,,,,,,,,,,,,,,,,,,,,,,,,,,,,,,,,,,,,,,,,,,,,,,,,,,,,,,,,,,,,,,,,,,,,,,,,,,,,,,,,,,,,,,,,,,,,,,,,,,,,,,,,,,,,,,,,,,,,,,,,,,,,,,,,,,,,,,,,,,,,,,,,,,,,,,,,,,,,,,,
2010-05-31,BA_,48714963596.0,51295963596.0,37.753,,,0.691,16.558,,,,,,,,,,,,,,,,,,,,,,,,,,,,,,,,,,,,,,,,,,,,,,,,,,,,,,,,,,,,,,,,,,,,,,,,,,,,,,,,,,,,,,,,,,,,,,,,,,,,,,,,,,,,,,,,,,,,,,,,,,,,,,,,,,,,,,,,,,,,,,,,,,,,,,,,,,,,,,,,,,,,,,,,,,,,,,,,,,,,,,,,,,,,,,,,,,,,,,,,,,,,,,,,,,,,,,,,,,,,,,,,,,,,,,,,,,,,,,,,,,,,,,,,,,,,,,,,,,,,,,,,,,,,,,,,,,,,,,,,
2019-03-31,HII,,,,,,,,,,7000000000.0,1922000000.0,51000000.0,51000000.0,,1625000000.0,375000000.0,,1250000000.0,,127000000.0,,,,,,,,,,5078000000.0,2789000000.0,4651000000.0,,,,,,-1862000000.0,1932000000.0,1402000000.0,530000000.0,,,140000000.0,140000000.0,,,217000000.0,5437000000.0,1960000000.0,618000000.0,618000000.0,618000000.0,,,,,,620000000.0,,,,,,360000000.0,,360000000.0,362000000.0,3477000000.0,1680000000.0,1496000000.0,184000000.0,,,,,,1572000000.0,1113000000.0,225000000.0,1563000000.0,1563000000.0,1000000.0,1000000.0,1936000000.0,2691000000.0,1796000000.0,-1269000000.0,,,3059000000.0,1563000000.0,184000000.0,-369000000.0,-38000000.0,3059000000.0,-369000000.0,1680000000.0,1445000000.0,53200000.0,41600000.0,11600000.0,,,,,,,,,,,,,,,,,,,,,,,,,,,,,,,,,,,,,,,,,,,,,,,,,,,,,,,,,,,,,,,,,,,,,,,,,,,,,,,,,,,,,,,,,,,,,,,,,,,,,,,,,,,,,,,,,,,,,,,,,,4651000000.0,,,,,,,,,,,,,,,382000000.0,-7000000.0,,,,,,,,,,,,,,,,,,,,,,,,,,,,,,,,,,,,,,119000000.0,,,,,,,,,
1999-03-31,BA_,31890710380.0,36199710380.0,21.25,,,0.571,2.502,,,,,,,,,,,,,,,,,,,,,,,,,,,,,,,,,,,,,,,,,,,,,,,,,,,,,,,,,,,,,,,,,,,,,,,,,,,,,,,,,,,,,,,,,,,,,,,,,,,,,,,,,,,,,,,,,,,,,,,,,,,,,,,,,,,,,,,,,,,,,,,,,,,,,,,,,,,,,,,,,,,,,,,,,,,,,,,,,,,,,,,,,,,,,,,,,,,,,,,,,,,,,,,,,,,,,,,,,,,,,,,,,,,,,,,,,,,,,,,,,,,,,,,,,,,,,,,,,,,,,,,,,,,,,,,,,,,,,,,,
2010-12-31,RTX,,,,,,,,,,,,,,,,,,,,,,,,,,,,,,,,,,,,,,,,,,,,,,,,,,,,,,,,,,,,,,,,,,,,,,,,,,,,,,,,,,,,,,,,,,,,,,,,,,,,,,,,,,,,,,,,,,,,,,,,,,,,,,,,,,,,,,,,,,,,,,,,,,,,,,,,,,,,,,,,,,,,,,,,,,14818000000.0,14864000000.0,11000000000.0,3818000000.0,2044000000.0,1631000000.0,,,457000000.0,,,,1774000000.0,-88000000.0,190000000.0,,,,,,,,,1686000000.0,433000000.0,1199000000.0,1199000000.0,1253000000.0,1253000000.0,,,-54000000.0,,1199000000.0,,,,,1774000000.0,13044000000.0,1199000000.0,1199000000.0,190000000.0,-88000000.0,1876000000.0,,11000000000.0,348000000.0,1199000000.0,,,2224000000.0,0.257,0.0,,,,,,,,,,,,,,,,,,,,,,,,,,,,,,,,,,,,,,,,,,,,,,,,,,,,,,,,,,,,,,,,
2011-09-30,GD_,,,,,,,,,,,,,,,,,,,,,,,,,,,,,,,,,,,,,,,,,,,,,,,,,,,,,,,,,,,,,,,,,,,,,,,,,,,,,,,,,,,,,,,,,,,,,,,,,,,,,,,,,,,,,,,,,,,,,,,,,,,,,,,,,,,,,,,,,,,,,,,,,,,,,,,,,,,,,,,,,,,,,,,,,,7853000000.0,7853000000.0,6363000000.0,1490000000.0,492000000.0,492000000.0,,,,,,,998000000.0,-38000000.0,41000000.0,-8000000.0,,,-8000000.0,,,,,952000000.0,287000000.0,652000000.0,652000000.0,652000000.0,665000000.0,-13000000.0,,,,652000000.0,1.81,1.8,359700000.0,362900000.0,998000000.0,6855000000.0,652000000.0,670588235.294,41000000.0,-38000000.0,993000000.0,,6363000000.0,147000000.0,665000000.0,-8000000.0,-8000000.0,1148000000.0,0.301,-2411764.706,,,,,,,,,,,,3000000.0,38000000.0,,3000000.0,,,,,,,,,,,,,,,,,,,,,,,,,,,,,,,,,,,,,,,,,,,,,,,,,
2003-03-31,RTX,,,,,,,,,,,,,,,,,,,,,,,,,,,,,,,,,,,,,,,,,,,,,,,,,,,,,,,,,,,,,,,,,,,,,,,,,,,,,,,,,,,,,,,,,,,,,,,,,,,,,,,252000000.0,252000000.0,502000000.0,,,180000000.0,180000000.0,,,,104000000.0,104000000.0,,,,,-450000000.0,-84000000.0,-51000000.0,,-104000000.0,,128000000.0,,,,-57000000.0,,,,-108000000.0,-108000000.0,-87000000.0,-87000000.0,,,,,,,,,-21000000.0,-323000000.0,-323000000.0,15000000.0,,,,-158000000.0,43000000.0,-201000000.0,-115000000.0,,,-65000000.0,1927000000.0,-179000000.0,26000000.0,2080000000.0,,-87000000.0,43000000.0,,,-201000000.0,165000000.0,,,,,,,,,,,,,,,,,,,,,,,,,,,,,,,,,,,,,,,,,,,,,,,,,,,,,,,,,,,,,,,,,,,,,,,,,,,,,,,,,,,,,,,,,,,,,,,,,,,,,,,,,,,,,,,,,,,,,,
1997-03-31,GD_,,,,,,,,,,,,,,,,,,,,,,,,,,,,,,,,,,,,,,,,,,,,,,,,,,,,,,,,,,,,,,,,,,,,,,,,,,,,,,,,,,,,,,,,,,,,,,,,,,,,,,,12000000.0,46000000.0,71000000.0,,,21000000.0,21000000.0,,,,-7000000.0,-7000000.0,,,,,1000000.0,-40000000.0,10000000.0,,-28000000.0,,-54000000.0,,,,-12000000.0,44000000.0,,-34000000.0,-413000000.0,-413000000.0,-10000000.0,-10000000.0,,,,,,49000000.0,-243000000.0,292000000.0,-452000000.0,-50000000.0,-50000000.0,-3000000.0,,,,-26000000.0,,-26000000.0,-26000000.0,,,5000000.0,0.0,-451000000.0,,516000000.0,-65000000.0,-10000000.0,,,,-26000000.0,2000000.0,,,,,,,,,,,,,,,,,,,,,,,,,,,,,,,,,,,,,,,,,,,,,,,,,,,,,,,,,,,,,,,,,,,,,,,,,,,,,,,,,,,,,,,,,,,,,,,,,,,,,,,,,,,,,,,,,,,,,,
2015-03-31,RTX,104331650256.0,118890650256.0,17.185,15.267,2.151,1.641,3.343,8.176,42.843,,,,,,,,,,,,,,,,,,,,,,,,,,,,,,,,,,,,,,,,,,,,,,,,,,,,,,,,,,,,,,,,,,,,,,,,,,,,,,,,,,,,,,,,,,,,,,,,,,,,,,,,,,,,,,,,,,,,,,,,,,,,,,,,,,,,,,,,,,,,,,,,,,,,,,,,,,,,,,,,,,,,,,,,,,,,,,,,,,,,,,,,,,,,,,,,,,,,,,,,,,,,,,,,,,,,,,,,,,,,,,,,,,,,,,,,,,,,,,,,,,,,,,,,,,,,,,,,,,,,,,,,,,,,,,,,,,,,,,
1991-03-31,GE_,,,,,,,,,,,,,,,,,,,,,,,,,,,,,,,,,,,,,,,,,,,,,,,,,,,,,,,,,,,,,,,,,,,,,,,,,,,,,,,,,,,,,,,,,,,,,,,,,,,,,,,,,,,,,,,,,,,,,,,,,,,,,,,,,,,,,,,,,,,,,,,,,,,,,,,,,,,,,,,,,,,,,,,,,,13139000000.0,13139000000.0,5875000000.0,7264000000.0,4037000000.0,3352000000.0,,,,685000000.0,685000000.0,,3227000000.0,,,194000000.0,,,194000000.0,,,,,1488000000.0,489000000.0,999000000.0,999000000.0,1026000000.0,999000000.0,,,-27000000.0,,999000000.0,0.1,0.1,9990000000.0,9990000000.0,,9912000000.0,999000000.0,868754032.258,,,3227000000.0,,5875000000.0,685000000.0,999000000.0,194000000.0,194000000.0,3718000000.0,0.329,63754032.258,,,,,,,,,,,,,,,,,,,,,,,,,,,,,,,,,,,,,,,,,,,,,,,,,,,,,,,,,,,,,,,,
1998-07-31,RTX,21862604280.0,23138604280.0,22.219,,,0.879,5.095,,,,,,,,,,,,,,,,,,,,,,,,,,,,,,,,,,,,,,,,,,,,,,,,,,,,,,,,,,,,,,,,,,,,,,,,,,,,,,,,,,,,,,,,,,,,,,,,,,,,,,,,,,,,,,,,,,,,,,,,,,,,,,,,,,,,,,,,,,,,,,,,,,,,,,,,,,,,,,,,,,,,,,,,,,,,,,,,,,,,,,,,,,,,,,,,,,,,,,,,,,,,,,,,,,,,,,,,,,,,,,,,,,,,,,,,,,,,,,,,,,,,,,,,,,,,,,,,,,,,,,,,,,,,,,,,,,,,,,,,
2009-05-29,GE_,142747471000.0,557964471000.0,,,,,,,,,,,,,,,,,,,,,,,,,,,,,,,,,,,,,,,,,,,,,,,,,,,,,,,,,,,,,,,,,,,,,,,,,,,,,,,,,,,,,,,,,,,,,,,,,,,,,,,,,,,,,,,,,,,,,,,,,,,,,,,,,,,,,,,,,,,,,,,,,,,,,,,,,,,,,,,,,,,,,,,,,,,,,,,,,,,,,,,,,,,,,,,,,,,,,,,,,,,,,,,,,,,,,,,,,,,,,,,,,,,,,,,,,,,,,,,,,,,,,,,,,,,,,,,,,,,,,,,,,,,,,,,,,,,,,,,,,,,,,
2009-09-30,GE_,174831867900.0,578903867900.0,14.155,35.211,,1.073,1.488,,,,,,,,,,,,,,,,,,,,,,,,,,,,,,,,,,,,,,,,,,,,,,,,,,,,,,,,,,,,,,,,,,,,,,,,,,,,,,,,,,,,,,,,,,,,,,,,,,,,,,,,,,,,,,,,,,,,,,,,,,,,,,,,,,,,,,,,,,,,,,,,,,,,,,,,,,,,,,,,,,,,,,,,,,,,,,,,,,,,,,,,,,,,,,,,,,,,,,,,,,,,,,,,,,,,,,,,,,,,,,,,,,,,,,,,,,,,,,,,,,,,,,,,,,,,,,,,,,,,,,,,,,,,,,,,,,,,,,,,
2002-03-31,GD_,,,,,,,,,,,,,,,,,,,,,,,,,,,,,,,,,,,,,,,,,,,,,,,,,,,,,,,,,,,,,,,,,,,,,,,,,,,,,,,,,,,,,,,,,,,,,,,,,,,,,,,-86000000.0,-86000000.0,229000000.0,,,52000000.0,52000000.0,45000000.0,7000000.0,7000000.0,57000000.0,57000000.0,,,,,,-424000000.0,-214000000.0,,-74000000.0,,-45000000.0,,,,20000000.0,-111000000.0,,,-15000000.0,-15000000.0,-26000000.0,-44000000.0,18000000.0,,,,,,,,11000000.0,36000000.0,36000000.0,77000000.0,,,,21000000.0,31000000.0,-10000000.0,-56000000.0,,,-6000000.0,377000000.0,-65000000.0,,442000000.0,,-44000000.0,31000000.0,,,-10000000.0,-130000000.0,,,,,,,,,,,,,,,,,,,,,,,,,,,,,,,,,,,,,,,,,,,,,,,,,,,,,,,,,,,,,,,,,,,,,,,,,,,,,,,,,,,,,,,,,,,,,,,,,,,,,,,,,,,,,,,,,,,,,,
1998-12-31,LHX,,,,,,,,,,,,,,,,,,,,,,,,,,,,,,,,,,,,,,,,,,,,,,,,,,,,,,,,,,,,,,,,,,,,,,,,,,,,,,,,,,,,,,,,,,,,,,,,,,,,,,,,,,,,,,,,,,,,,,,,,,,,,,,,,,,,,,,,,,,,,,,,,,,,,,,,,,,,,,,,,,,,,,,,,,919400000.0,919400000.0,524100000.0,395300000.0,323200000.0,237300000.0,,,,85900000.0,85900000.0,,72100000.0,,,28900000.0,,,28900000.0,,,,,79800000.0,27000000.0,52800000.0,52800000.0,52800000.0,52800000.0,,,,,52800000.0,0.33,0.33,160000000.0,160000000.0,,847300000.0,52800000.0,33678195.489,,,72100000.0,,524100000.0,85900000.0,52800000.0,28900000.0,28900000.0,129100000.0,0.338,9778195.489,,,,,,,,,,,,,,,,,,,,,,,,,,,,,,,,,,,,,,,,,,,,,,,,,,,,,,,,,,,,,,,,
1992-12-31,RTX,5956746140.0,8899746140.0,,,,0.27,1.768,1.546,-57.05,,,,,,,,,,,,,,,,,,,,,,,,,,,,,,,,,,,,,,,,,,,,,,,,,,,,,,,,,,,,,,,,,,,,,,,,,,,,,,,,,,,,,,,,,,,,,,,,,,,,,,,,,,,,,,,,,,,,,,,,,,,,,,,,,,,,,,,,,,,,,,,,,,,,,,,,,,,,,,,,,,,,,,,,,,,,,,,,,,,,,,,,,,,,,,,,,,,,,,,,,,,,,,,,,,,,,,,,,,,,,,,,,,,,,,,,,,,,,,,,,,,,,,,,,,,,,,,,,,,,,,,,,,,,,,,,,,,,,,
1987-08-31,BA_,8176938766.0,4281938766.0,14.125,,,0.51,1.694,,,,,,,,,,,,,,,,,,,,,,,,,,,,,,,,,,,,,,,,,,,,,,,,,,,,,,,,,,,,,,,,,,,,,,,,,,,,,,,,,,,,,,,,,,,,,,,,,,,,,,,,,,,,,,,,,,,,,,,,,,,,,,,,,,,,,,,,,,,,,,,,,,,,,,,,,,,,,,,,,,,,,,,,,,,,,,,,,,,,,,,,,,,,,,,,,,,,,,,,,,,,,,,,,,,,,,,,,,,,,,,,,,,,,,,,,,,,,,,,,,,,,,,,,,,,,,,,,,,,,,,,,,,,,,,,,,,,,,,,
2014-12-31,RTX,,,,,,,,,,91289000000.0,29758000000.0,5235000000.0,5235000000.0,,13248000000.0,11317000000.0,1931000000.0,,,9865000000.0,2056000000.0,11785000000.0,3776000000.0,,-7752000000.0,,,,1410000000.0,61531000000.0,9276000000.0,19764000000.0,0.0,408000000.0,5697000000.0,12375000000.0,,-10488000000.0,43356000000.0,27796000000.0,15560000000.0,978000000.0,1494000000.0,,,,,6427000000.0,58725000000.0,22895000000.0,15436000000.0,7561000000.0,6967000000.0,594000000.0,309000000.0,,7875000000.0,,275000000.0,1922000000.0,1922000000.0,0.0,1922000000.0,,5262000000.0,,5262000000.0,,35830000000.0,17872000000.0,17872000000.0,,,,,,,6683000000.0,6683000000.0,11135000000.0,32564000000.0,31213000000.0,15300000000.0,15300000000.0,,44611000000.0,21922000000.0,-6661000000.0,-115000000.0,1351000000.0,49085000000.0,31213000000.0,,-12143000000.0,6863000000.0,51007000000.0,-12143000000.0,19794000000.0,14559000000.0,1423684000.0,909375000.0,514309000.0,,,,,,,,,,,,,,,,,,,,,,,,,,,,,,,,,,,,,,,,,,,,,,,,,,,,,,,,,,,,,,,,,,,,,,,,,,,,,,,,,,,,,,,,,,,,,,,,,,,,,,,,,,,,,,,,,,,,,,,,,,1284000000.0,,,,,,,,,,,,,,,11802000000.0,-485000000.0,,,,,,,,,978000000.0,,,,,140000000.0,,0.0,,,,,,,,,,,,,,,,,,,,,,,503000000.0,,,,,,,,978000000.0
2001-10-31,RTX,25249582230.0,29125582230.0,13.54,,,0.973,2.994,,,,,,,,,,,,,,,,,,,,,,,,,,,,,,,,,,,,,,,,,,,,,,,,,,,,,,,,,,,,,,,,,,,,,,,,,,,,,,,,,,,,,,,,,,,,,,,,,,,,,,,,,,,,,,,,,,,,,,,,,,,,,,,,,,,,,,,,,,,,,,,,,,,,,,,,,,,,,,,,,,,,,,,,,,,,,,,,,,,,,,,,,,,,,,,,,,,,,,,,,,,,,,,,,,,,,,,,,,,,,,,,,,,,,,,,,,,,,,,,,,,,,,,,,,,,,,,,,,,,,,,,,,,,,,,,,,,,,,,,
2002-06-30,GE_,,,,,,,,,,540888000000.0,362305000000.0,117368000000.0,10211000000.0,107157000000.0,235798000000.0,235798000000.0,,,,9139000000.0,4955000000.0,,4844000000.0,,-660000000.0,,,,,178583000000.0,44471000000.0,75384000000.0,,,,,,-30913000000.0,43718000000.0,,43718000000.0,,,,,,,90394000000.0,476840000000.0,178726000000.0,26642000000.0,17510000000.0,17510000000.0,,,,9132000000.0,,,135224000000.0,135224000000.0,,,,,,,16860000000.0,298114000000.0,125206000000.0,125206000000.0,,10194000000.0,10194000000.0,,,,,,162714000000.0,64048000000.0,58727000000.0,669000000.0,669000000.0,,72051000000.0,26903000000.0,-4236000000.0,17146000000.0,5321000000.0,183933000000.0,58727000000.0,,15009000000.0,183579000000.0,319157000000.0,15009000000.0,260430000000.0,250219000000.0,9949471000.0,9949471000.0,,,,,,,,,,,,,,,,,,,,,,,,,,,,,,,,,,,,,,,,,,,,,,,,,,,,,,,,,,,,,,,,,,,,,,,,,,,,,,,,,,,,,,,,,,,,,,,,,,,,,,,,,,,,,,,,,,,,,,,,,,,,,,,,,,,,,,,,,,,,,,,,,,,,,,,,,,,,100000000.0,,-2985000000.0,-1351000000.0,,,,,,,,,,,,,,,,,,,,,,,,,,,
1998-09-30,GE_,,,,,,,,,,,,,,,,,,,,,,,,,,,,,,,,,,,,,,,,,,,,,,,,,,,,,,,,,,,,,,,,,,,,,,,,,,,,,,,,,,,,,,,,,,,,,,,,,,,,,,,,,,,,,,,,,,,,,,,,,,,,,,,,,,,,,,,,,,,,,,,,,,,,,,,,,,,,,,,,,,,,,,,,,,23978000000.0,23978000000.0,8907000000.0,15071000000.0,9401000000.0,8249000000.0,,,,1152000000.0,1152000000.0,,5670000000.0,,,158000000.0,,,158000000.0,,,,,3399000000.0,1115000000.0,2284000000.0,2284000000.0,2352000000.0,2284000000.0,,,-68000000.0,,2284000000.0,0.23,0.23,9930434783.0,9930434783.0,,18308000000.0,2284000000.0,2177829949.985,,,5670000000.0,,8907000000.0,1152000000.0,2284000000.0,158000000.0,158000000.0,6664000000.0,0.328,51829949.985,,,,,,,,,,,,,,,,,,,,,,,,,,,,,,,,,,,,,,,,,,,,,,,,,,,,,,,,,,,,,,,,
2011-12-31,GD_,,,,,,,,,,,,,,,,,,,,,,,,,,,,,,,,,,,,,,,,,,,,,,,,,,,,,,,,,,,,,,,,,,,,,,,,,,,,,,,,,,,,,,,,,,,,,,,,,,,,,,,,,,,,,,,,,,,,,,,,,,,,,,,,,,,,,,,,,,,,,,,,,,,,,,,,,,,,,,,,,,,,,,,,,,9147000000.0,9147000000.0,7673000000.0,1474000000.0,524000000.0,524000000.0,,,,,,,950000000.0,-38000000.0,40000000.0,-1000000.0,,,-1000000.0,,,,,911000000.0,308000000.0,603000000.0,603000000.0,603000000.0,603000000.0,0.0,,,,603000000.0,1.69,1.68,356200000.0,359400000.0,950000000.0,8197000000.0,603000000.0,603661909.989,40000000.0,-38000000.0,951000000.0,,7673000000.0,157000000.0,603000000.0,-1000000.0,-1000000.0,1109000000.0,0.338,-338090.011,,,,,,,,,,,,2000000.0,38000000.0,,2000000.0,,,,,,,,,,,,,,,,,,,,,,,,,,,,,,,,,,,,,,,,,,,,,,,,,
2010-12-31,RTX,,,,,,,,,,58493000000.0,23510000000.0,4083000000.0,4083000000.0,,8925000000.0,8925000000.0,,,,7766000000.0,1221000000.0,9599000000.0,3026000000.0,,-6080000000.0,1623000000.0,1623000000.0,,1113000000.0,34983000000.0,6280000000.0,15914000000.0,0.0,342000000.0,4908000000.0,10010000000.0,654000000.0,-9634000000.0,21781000000.0,17721000000.0,4060000000.0,,,1970000000.0,1970000000.0,,,4952000000.0,35844000000.0,17732000000.0,17453000000.0,5206000000.0,5206000000.0,,,,12247000000.0,,,279000000.0,279000000.0,,,,,,,,18112000000.0,10010000000.0,10010000000.0,,,,,,,3592000000.0,3592000000.0,4510000000.0,22649000000.0,21385000000.0,12597000000.0,12597000000.0,,30191000000.0,17468000000.0,-3769000000.0,-166000000.0,1264000000.0,31395000000.0,21385000000.0,,-396000000.0,5778000000.0,31674000000.0,-396000000.0,10289000000.0,6206000000.0,1393297000.0,921269000.0,472028000.0,,,,,,,,,,,,,,,,,,,,,,,,,,,,,,,,,,,,,,,,,,,,,,,,,,,,,,,,,,,,,,,,,,,,,,,,,,,,,,,,,,,,,,,,,,,,,,,,,,,,,,,,,,,,,,,,,,,,,,,,,,,,,,,,,,,,,,,,,9327000000.0,-402000000.0,,,,,,,,,,,,,,,,0.0,,,366000000.0,-4135000000.0,,,,,,,,,,,,,,,,,,,,,,,,,,,
2006-06-30,GE_,,,,,,,,,,,,,,,,,,,,,,,,,,,,,,,,,,,,,,,,,,,,,,,,,,,,,,,,,,,,,,,,,,,,,,,,,,,,,,,,,,,,,,,,,,,,,,,,,,,,,,,,,,,,,,,,,,,,,,,,,,,,,,,,,,,,,,,,,,,,,,,,,,,,,,,,,,,,,,,,,,,,,,,,,,39900000000.0,39243000000.0,18143000000.0,21757000000.0,11095000000.0,10199000000.0,10199000000.0,9406000000.0,,,,,10662000000.0,-4533000000.0,4533000000.0,-235000000.0,,,-235000000.0,,235000000.0,,,5894000000.0,1040000000.0,4852000000.0,4852000000.0,4852000000.0,4854000000.0,-2000000.0,,,,4852000000.0,0.47,0.47,10362000000.0,10400000000.0,,29238000000.0,4852000000.0,5047534102.477,4533000000.0,-4533000000.0,10427000000.0,,18143000000.0,2246000000.0,4854000000.0,-235000000.0,-235000000.0,12908000000.0,0.176,-41465897.523,,,,,,,,,,,,,,,,,,,,,,,,,,,,,,,,,,,,,,,,,,,,,,,,,793000000.0,896000000.0,,,,,,,,,,,,,,
1985-09-30,LHX,,,,,,,,,,,,,,,,,,,,,,,,,,,,,,,,,,,,,,,,,,,,,,,,,,,,,,,,,,,,,,,,,,,,,,,,,,,,,,,,,,,,,,,,,,,,,,,,,,,,,,,,,,,,,,,,,,,,,,,,,,,,,,,,,,,,,,,,,,,,,,,,,,,,,,,,,,,,,,,,,,,,,,,,,,559900000.0,559900000.0,,,,,,,,,,,559900000.0,,,,,,,,,,,,,,,12900000.0,12900000.0,,,,,,0.08,0.08,159792000.0,159792000.0,,,,,,,559900000.0,,,,,,,559900000.0,,,,,,,,,,,,,,,,,,,,,,,,,,,,,,,,,,,,,,,,,,,,,,,,,,,,,,,,,,,,,,,,,,
2013-06-28,GD_,27665115464.0,27829115464.0,,,,,,,,,,,,,,,,,,,,,,,,,,,,,,,,,,,,,,,,,,,,,,,,,,,,,,,,,,,,,,,,,,,,,,,,,,,,,,,,,,,,,,,,,,,,,,,,,,,,,,,,,,,,,,,,,,,,,,,,,,,,,,,,,,,,,,,,,,,,,,,,,,,,,,,,,,,,,,,,,,,,,,,,,,,,,,,,,,,,,,,,,,,,,,,,,,,,,,,,,,,,,,,,,,,,,,,,,,,,,,,,,,,,,,,,,,,,,,,,,,,,,,,,,,,,,,,,,,,,,,,,,,,,,,,,,,,,,,,,,,,,,
1985-09-30,GE_,,,,,,,,,,,,,,,,,,,,,,,,,,,,,,,,,,,,,,,,,,,,,,,,,,,,,,,,,,,,,,,,,,,,,,,,,,,,,,,,,,,,,,,,,,,,,,,,,,,,,,,,,,,,,,,,,,,,,,,,,,,,,,,,,,,,,,,,,,,,,,,,,,,,,,,,,,,,,,,,,,,,,,,,,,6520000000.0,6520000000.0,,,,,,,,,,,6520000000.0,,,,,,,,,,,,,,,575000000.0,575000000.0,,,,,,0.05,0.05,10945537538.0,10945537538.0,,,,,,,6520000000.0,,,,,,,6520000000.0,,,,,,,,,,,,,,,,,,,,,,,,,,,,,,,,,,,,,,,,,,,,,,,,,,,,,,,,,,,,,,,,,,
1990-06-30,LHX,,,,,,,,,,,,,,,,,,,,,,,,,,,,,,,,,,,,,,,,,,,,,,,,,,,,,,,,,,,,,,,,,,,,,,,,,,,,,,,,,,,,,,,,,,,,,,,,,,,,,,,,,,,,,,,,,,,,,,,,,,,,,,,,,,,,,,,,,,,,,,,,,,,,,,,,,,,,,,,,,,,,,,,,,,790200000.0,790200000.0,451900000.0,338300000.0,295100000.0,240600000.0,,,,54500000.0,54500000.0,,43200000.0,,,30100000.0,,,30100000.0,,,,,53000000.0,13500000.0,39500000.0,39500000.0,39500000.0,39500000.0,,,,,39500000.0,,,,,,747000000.0,39500000.0,17066981.132,,,43200000.0,,451900000.0,54500000.0,39500000.0,30100000.0,30100000.0,67600000.0,0.255,7666981.132,,,,,,,,,,,,,,,,,,,,,,,,,,,,,,,,,,,,,,,,,,,,,,,,,,,,,,,,,,,,,,,,
2010-09-30,LMT,,,,,,,,,,,,,,,,,,,,,,,,,,,,,,,,,,,,,,,,,,,,,,,,,,,,,,,,,,,,,,,,,,,,,,,,,,,,,,,,,,,,,,,,,,,,,,,,,,,,,,,513000000.0,513000000.0,571000000.0,,,213000000.0,213000000.0,188000000.0,25000000.0,25000000.0,,,,,29000000.0,,,-1104000000.0,37000000.0,37000000.0,257000000.0,,107000000.0,107000000.0,107000000.0,,,-112000000.0,-1368000000.0,,-63000000.0,-63000000.0,-171000000.0,-171000000.0,,,,-19000000.0,-19000000.0,110000000.0,110000000.0,,17000000.0,-536000000.0,-536000000.0,,,,,-299000000.0,20000000.0,-319000000.0,-229000000.0,-229000000.0,,-8000000.0,2656000000.0,-86000000.0,20000000.0,2722000000.0,,-171000000.0,20000000.0,,,-319000000.0,342000000.0,,,,,,,,,,,,,,,,,,,,,,,,,,,,,,,,,,,,,,,,,,,,,,,,,,,,,,,,,,,,,,,,,,,,,,,,,,,,,,,,,,,,,,,,,,,,,,,,,,,,,,,,,,,,,,,,,,,,,,
2019-12-31,GE_,,,,,,,,,,,,,,,,,,,,,,,,,,,,,,,,,,,,,,,,,,,,,,,,,,,,,,,,,,,,,,,,,,,,,,,,,,,,,,,,,,,,,,,,,,,,,,,,,,,,,,,6739000000.0,6996000000.0,722000000.0,1157000000.0,207000000.0,1406000000.0,1406000000.0,1057000000.0,349000000.0,349000000.0,727000000.0,727000000.0,,2000000.0,,,-195000000.0,3700000000.0,-994000000.0,-994000000.0,1004000000.0,,3307000000.0,1718000000.0,1718000000.0,1589000000.0,,,383000000.0,-257000000.0,3889000000.0,3596000000.0,-716000000.0,-1638000000.0,922000000.0,-74000000.0,-74000000.0,3491000000.0,-68000000.0,,,,896000000.0,-2044000000.0,-2043000000.0,-1890000000.0,-2355000000.0,736000000.0,-3091000000.0,-2000000.0,,,-238000000.0,-238000000.0,,86000000.0,36439000000.0,8548000000.0,81000000.0,27810000000.0,,-1712000000.0,,736000000.0,-3091000000.0,,5027000000.0,,,,,,,,,,,,,,,,,,,,,,,,,,,,,,,,,,,,,,,,,,,,,,,,,,,,,,,,,,,292000000.0,465000000.0,,,-36000000.0,,,,,,,,,,,,,,,,,,,,,,,,,,,,,,,,0.0,950000000.0,,-523000000.0,3559000000.0,,,0.0,,,,,,,,,,,,,,,,
2014-02-28,BA_,95024012219.0,89401012219.0,21.631,16.393,2.173,1.142,6.388,,,,,,,,,,,,,,,,,,,,,,,,,,,,,,,,,,,,,,,,,,,,,,,,,,,,,,,,,,,,,,,,,,,,,,,,,,,,,,,,,,,,,,,,,,,,,,,,,,,,,,,,,,,,,,,,,,,,,,,,,,,,,,,,,,,,,,,,,,,,,,,,,,,,,,,,,,,,,,,,,,,,,,,,,,,,,,,,,,,,,,,,,,,,,,,,,,,,,,,,,,,,,,,,,,,,,,,,,,,,,,,,,,,,,,,,,,,,,,,,,,,,,,,,,,,,,,,,,,,,,,,,,,,,,,,,,,,,,,,,
2014-05-30,RTX,106542515056.0,122108515056.0,,,,,,,,,,,,,,,,,,,,,,,,,,,,,,,,,,,,,,,,,,,,,,,,,,,,,,,,,,,,,,,,,,,,,,,,,,,,,,,,,,,,,,,,,,,,,,,,,,,,,,,,,,,,,,,,,,,,,,,,,,,,,,,,,,,,,,,,,,,,,,,,,,,,,,,,,,,,,,,,,,,,,,,,,,,,,,,,,,,,,,,,,,,,,,,,,,,,,,,,,,,,,,,,,,,,,,,,,,,,,,,,,,,,,,,,,,,,,,,,,,,,,,,,,,,,,,,,,,,,,,,,,,,,,,,,,,,,,,,,,,,,,
2004-03-31,BA_,,,,,,,,,,53800000000.0,16681000000.0,3950000000.0,3950000000.0,,4844000000.0,4844000000.0,,,,5324000000.0,,10189000000.0,,8987000000.0,-13852000000.0,1716000000.0,1716000000.0,,847000000.0,37119000000.0,8383000000.0,21520000000.0,0.0,455000000.0,9284000000.0,10722000000.0,1059000000.0,-13137000000.0,2927000000.0,,2927000000.0,,,1182000000.0,1182000000.0,,,24627000000.0,44941000000.0,18572000000.0,7181000000.0,4246000000.0,4246000000.0,,,,2935000000.0,,,916000000.0,916000000.0,,,,,,,10475000000.0,26369000000.0,13107000000.0,13107000000.0,,,,,,,,,13262000000.0,8859000000.0,8859000000.0,5059000000.0,5059000000.0,2846000000.0,15030000000.0,8244000000.0,-5832000000.0,,,21966000000.0,8859000000.0,,5932000000.0,-1891000000.0,22882000000.0,5932000000.0,14023000000.0,10073000000.0,843041182.0,843041182.0,,,,,,,,,,,,,,,,,,,,,,,,,,,,,,,,,,,,,,,,,,,,,,,,,,,,,,,,,,,,,,,,,,,,,,,,,,,,,,,,,,,,,,,,,,,,,,,,,,,,,,,,,,,,,,,,,,,,,,,,,,,,,,,,,,,,,,,,,,,,,,,,,,,,,,,,,,,,,,,,,,,,,,,,,,,,,,,,,,,,,,,,,,
2011-12-30,BA_,54516246614.0,57663246614.0,,,,,,,,,,,,,,,,,,,,,,,,,,,,,,,,,,,,,,,,,,,,,,,,,,,,,,,,,,,,,,,,,,,,,,,,,,,,,,,,,,,,,,,,,,,,,,,,,,,,,,,,,,,,,,,,,,,,,,,,,,,,,,,,,,,,,,,,,,,,,,,,,,,,,,,,,,,,,,,,,,,,,,,,,,,,,,,,,,,,,,,,,,,,,,,,,,,,,,,,,,,,,,,,,,,,,,,,,,,,,,,,,,,,,,,,,,,,,,,,,,,,,,,,,,,,,,,,,,,,,,,,,,,,,,,,,,,,,,,,,,,,,
1996-09-30,GD_,,,,,,,,,,,,,,,,,,,,,,,,,,,,,,,,,,,,,,,,,,,,,,,,,,,,,,,,,,,,,,,,,,,,,,,,,,,,,,,,,,,,,,,,,,,,,,,,,,,,,,,-148000000.0,-117000000.0,68000000.0,,,20000000.0,20000000.0,,,,-5000000.0,-5000000.0,,,,,2000000.0,-202000000.0,-13000000.0,,6000000.0,,-5000000.0,,,,-197000000.0,7000000.0,,-31000000.0,74000000.0,74000000.0,-10000000.0,-10000000.0,,,,,,86000000.0,-90000000.0,176000000.0,-2000000.0,-48000000.0,-48000000.0,,,,,,,-20000000.0,-26000000.0,,,5000000.0,0.0,-122000000.0,,0.0,122000000.0,-10000000.0,,,,-20000000.0,-158000000.0,,,,,,,,,,,,,,,,,,,,,,,,,,,,,,,,,,,,,,,,,,,,,,,,,,,,,,,,,,,,,,,,,,,,,,,,,,,,,,,,,,,,,,,,,,,,,,,,,,,,,,,,,,,,,,,,,,,,,,
2005-09-30,GD_,24031906330.0,25574906330.0,17.402,,,1.173,3.014,,,,,,,,,,,,,,,,,,,,,,,,,,,,,,,,,,,,,,,,,,,,,,,,,,,,,,,,,,,,,,,,,,,,,,,,,,,,,,,,,,,,,,,,,,,,,,,,,,,,,,,,,,,,,,,,,,,,,,,,,,,,,,,,,,,,,,,,,,,,,,,,,,,,,,,,,,,,,,,,,,,,,,,,,,,,,,,,,,,,,,,,,,,,,,,,,,,,,,,,,,,,,,,,,,,,,,,,,,,,,,,,,,,,,,,,,,,,,,,,,,,,,,,,,,,,,,,,,,,,,,,,,,,,,,,,,,,,,,,,
2010-03-31,HII,,,,,,,,,,,,,,,,,,,,,,,,,,,,,,,,,,,,,,,,,,,,,,,,,,,,,,,,,,,,,,,,,,,,,,,,,,,,,,,,,,,,,,,,,,,,,,,,,,,,,,,-117000000.0,-117000000.0,41000000.0,,,50000000.0,50000000.0,41000000.0,9000000.0,9000000.0,,,,,,,-5000000.0,-203000000.0,-82000000.0,-82000000.0,-36000000.0,-4000000.0,-90000000.0,,,,,,9000000.0,,-32000000.0,-32000000.0,-32000000.0,-32000000.0,,,,,,,,,,149000000.0,149000000.0,0.0,0.0,0.0,0.0,,,,0.0,0.0,,149000000.0,0.0,,,0.0,,-32000000.0,,0.0,0.0,,-149000000.0,,,,,,,,,,,,,,,,,,,,,,,,,,,,,,,,,,,,,,,,,,,,,,,,,,,,,,,,,,,,,,,,,0.0,,,,,,,,,,,,,,,,,,,,,,,,,,,,,,,,,,,,,,,,,,,,,,,,,,,,,
1994-10-31,BA_,14951991016.0,14980991016.0,17.139,,,0.744,1.557,,,,,,,,,,,,,,,,,,,,,,,,,,,,,,,,,,,,,,,,,,,,,,,,,,,,,,,,,,,,,,,,,,,,,,,,,,,,,,,,,,,,,,,,,,,,,,,,,,,,,,,,,,,,,,,,,,,,,,,,,,,,,,,,,,,,,,,,,,,,,,,,,,,,,,,,,,,,,,,,,,,,,,,,,,,,,,,,,,,,,,,,,,,,,,,,,,,,,,,,,,,,,,,,,,,,,,,,,,,,,,,,,,,,,,,,,,,,,,,,,,,,,,,,,,,,,,,,,,,,,,,,,,,,,,,,,,,,,,,,
1998-12-31,BA_,,,,,,,,,,36672000000.0,16375000000.0,2462000000.0,2183000000.0,279000000.0,3288000000.0,3288000000.0,,,,8349000000.0,2162000000.0,,,24812000000.0,-18625000000.0,1495000000.0,1495000000.0,,781000000.0,20297000000.0,8589000000.0,20241000000.0,0.0,499000000.0,8244000000.0,10521000000.0,977000000.0,-11652000000.0,2312000000.0,2312000000.0,,,,411000000.0,411000000.0,,,8985000000.0,24356000000.0,13422000000.0,7589000000.0,5263000000.0,5263000000.0,,,,2326000000.0,,,869000000.0,869000000.0,,,,,,,4964000000.0,10934000000.0,6103000000.0,6103000000.0,,,,,,,,,4831000000.0,12316000000.0,12316000000.0,5059000000.0,5059000000.0,1147000000.0,8706000000.0,1321000000.0,-1275000000.0,,,18419000000.0,12316000000.0,,10004000000.0,2953000000.0,19288000000.0,10004000000.0,6972000000.0,4789000000.0,976024159.0,976024159.0,,,,,,,,,,,,,,,,,,,,,,,,,,,,,,,,,,,,,,,,,,,,,,,,,,,,,,,,,,,,,,,,,,,,,,,,,,,,,,,,,,,,,,,,,,,,,,,,,,,,,,,,,,,,,,,,,,,,,,,,,,,,,,,,,,,,,,,,,,,,,,,,,,,,,,,,,,,,,,,,,,,,,,,,,,,,,,,,,,,,,,,,,,
2000-06-30,GE_,,,,,,,,,,424040000000.0,284766000000.0,96504000000.0,12085000000.0,84419000000.0,180384000000.0,180384000000.0,,,,7878000000.0,3762000000.0,,5023000000.0,,-907000000.0,,,,,139274000000.0,42083000000.0,70830000000.0,,,,,,-28747000000.0,27241000000.0,,27241000000.0,,,,,,,69950000000.0,373182000000.0,152040000000.0,13373000000.0,13373000000.0,13373000000.0,,,,,,,119737000000.0,119737000000.0,,,,,,,18930000000.0,221142000000.0,77603000000.0,77603000000.0,,9112000000.0,9112000000.0,,,,,,134427000000.0,50858000000.0,45925000000.0,669000000.0,669000000.0,,57749000000.0,23210000000.0,-2209000000.0,12926000000.0,4933000000.0,123528000000.0,45925000000.0,,18684000000.0,132726000000.0,243265000000.0,18684000000.0,197340000000.0,185255000000.0,9898772347.0,9898772347.0,,,,,,,,,,,,,,,,,,,,,,,,,,,,,,,,,,,,,,,,,,,,,,,,,,,,,,,,,,,,,,,,,,,,,,,,,,,,,,,,,,,,,,,,,,,,,,,,,,,,,,,,,,,,,,,,,,,,,,,,,,,,,,,,,,,,,,,,,,,,,,,,,,,,,,,,,,,,-290000000.0,,-1919000000.0,,,,,,,,,,,,,,,,,,,,,,,,,,,,
1994-10-31,GD_,2672828061.0,2816828061.0,10.187,,,0.909,2.083,,,,,,,,,,,,,,,,,,,,,,,,,,,,,,,,,,,,,,,,,,,,,,,,,,,,,,,,,,,,,,,,,,,,,,,,,,,,,,,,,,,,,,,,,,,,,,,,,,,,,,,,,,,,,,,,,,,,,,,,,,,,,,,,,,,,,,,,,,,,,,,,,,,,,,,,,,,,,,,,,,,,,,,,,,,,,,,,,,,,,,,,,,,,,,,,,,,,,,,,,,,,,,,,,,,,,,,,,,,,,,,,,,,,,,,,,,,,,,,,,,,,,,,,,,,,,,,,,,,,,,,,,,,,,,,,,,,,,,,,
2011-02-28,GD_,28370288462.0,28960288462.0,11.161,9.862,0.955,0.903,2.131,,,,,,,,,,,,,,,,,,,,,,,,,,,,,,,,,,,,,,,,,,,,,,,,,,,,,,,,,,,,,,,,,,,,,,,,,,,,,,,,,,,,,,,,,,,,,,,,,,,,,,,,,,,,,,,,,,,,,,,,,,,,,,,,,,,,,,,,,,,,,,,,,,,,,,,,,,,,,,,,,,,,,,,,,,,,,,,,,,,,,,,,,,,,,,,,,,,,,,,,,,,,,,,,,,,,,,,,,,,,,,,,,,,,,,,,,,,,,,,,,,,,,,,,,,,,,,,,,,,,,,,,,,,,,,,,,,,,,,,,
2006-06-30,LMT,30408255382.0,31809255382.0,14.552,,,0.817,3.971,,,,,,,,,,,,,,,,,,,,,,,,,,,,,,,,,,,,,,,,,,,,,,,,,,,,,,,,,,,,,,,,,,,,,,,,,,,,,,,,,,,,,,,,,,,,,,,,,,,,,,,,,,,,,,,,,,,,,,,,,,,,,,,,,,,,,,,,,,,,,,,,,,,,,,,,,,,,,,,,,,,,,,,,,,,,,,,,,,,,,,,,,,,,,,,,,,,,,,,,,,,,,,,,,,,,,,,,,,,,,,,,,,,,,,,,,,,,,,,,,,,,,,,,,,,,,,,,,,,,,,,,,,,,,,,,,,,,,,,,
2019-05-31,GE_,82324427520.0,121363427520.0,,16.639,3.33,0.678,2.342,,,,,,,,,,,,,,,,,,,,,,,,,,,,,,,,,,,,,,,,,,,,,,,,,,,,,,,,,,,,,,,,,,,,,,,,,,,,,,,,,,,,,,,,,,,,,,,,,,,,,,,,,,,,,,,,,,,,,,,,,,,,,,,,,,,,,,,,,,,,,,,,,,,,,,,,,,,,,,,,,,,,,,,,,,,,,,,,,,,,,,,,,,,,,,,,,,,,,,,,,,,,,,,,,,,,,,,,,,,,,,,,,,,,,,,,,,,,,,,,,,,,,,,,,,,,,,,,,,,,,,,,,,,,,,,,,,,,,,,,
2010-12-31,LMT,24328680000.0,26570680000.0,9.737,10.56,1.207,0.562,6.561,,,,,,,,,,,,,,,,,,,,,,,,,,,,,,,,,,,,,,,,,,,,,,,,,,,,,,,,,,,,,,,,,,,,,,,,,,,,,,,,,,,,,,,,,,,,,,,,,,,,,,,,,,,,,,,,,,,,,,,,,,,,,,,,,,,,,,,,,,,,,,,,,,,,,,,,,,,,,,,,,,,,,,,,,,,,,,,,,,,,,,,,,,,,,,,,,,,,,,,,,,,,,,,,,,,,,,,,,,,,,,,,,,,,,,,,,,,,,,,,,,,,,,,,,,,,,,,,,,,,,,,,,,,,,,,,,,,,,,,,
2017-02-28,BA_,110387025827.0,110310025827.0,23.683,19.455,2.683,1.225,135.113,,,,,,,,,,,,,,,,,,,,,,,,,,,,,,,,,,,,,,,,,,,,,,,,,,,,,,,,,,,,,,,,,,,,,,,,,,,,,,,,,,,,,,,,,,,,,,,,,,,,,,,,,,,,,,,,,,,,,,,,,,,,,,,,,,,,,,,,,,,,,,,,,,,,,,,,,,,,,,,,,,,,,,,,,,,,,,,,,,,,,,,,,,,,,,,,,,,,,,,,,,,,,,,,,,,,,,,,,,,,,,,,,,,,,,,,,,,,,,,,,,,,,,,,,,,,,,,,,,,,,,,,,,,,,,,,,,,,,,,,
2020-03-31,BA_,,,,,,,,,,,,,,,,,,,,,,,,,,,,,,,,,,,,,,,,,,,,,,,,,,,,,,,,,,,,,,,,,,,,,,,,,,,,,,,,,,,,,,,,,,,,,,,,,,,,,,,,,,,,,,,,,,,,,,,,,,,,,,,,,,,,,,,,,,,,,,,,,,,,,,,,,,,,,,,,,,,,,,,,,,16908000000.0,16908000000.0,16768000000.0,140000000.0,1545000000.0,873000000.0,873000000.0,873000000.0,672000000.0,,,,-1405000000.0,-262000000.0,262000000.0,164000000.0,-2000000.0,,54000000.0,,,54000000.0,112000000.0,-1503000000.0,-862000000.0,-628000000.0,-628000000.0,-641000000.0,-641000000.0,,,13000000.0,,-628000000.0,-1.11,-1.11,565400000.0,565400000.0,-1353000000.0,18313000000.0,-628000000.0,-665960000.0,262000000.0,-262000000.0,-1241000000.0,,16768000000.0,556000000.0,-628000000.0,52000000.0,52000000.0,-737000000.0,0.27,14040000.0,,,,,,,,,,,,,,,,,,,,,,,,,,,,,,,,,,,,,,,,,,,,,,,,,,,,,,,,,,,,,,,,
2013-06-30,GD_,,,,,,,,,,34731000000.0,16538000000.0,3757000000.0,3757000000.0,,4289000000.0,4289000000.0,,,,8045000000.0,6270000000.0,1657000000.0,118000000.0,2935000000.0,,,,,447000000.0,18193000000.0,3351000000.0,,,,,,,,13179000000.0,11909000000.0,1270000000.0,,,,,,,1663000000.0,22975000000.0,11841000000.0,3198000000.0,2444000000.0,2444000000.0,,,,754000000.0,,857000000.0,,,,,,6320000000.0,207000000.0,6113000000.0,1466000000.0,11134000000.0,3907000000.0,3907000000.0,,860000000.0,136000000.0,724000000.0,,,5606000000.0,5606000000.0,761000000.0,11756000000.0,11756000000.0,482000000.0,482000000.0,2043000000.0,18677000000.0,6557000000.0,-2889000000.0,,,15663000000.0,11756000000.0,,-1423000000.0,4697000000.0,15663000000.0,-1423000000.0,3907000000.0,150000000.0,349867839.0,349867839.0,,,,,,,,,,,,,,,,,,,,,,,,,,,,,,,,,,,,,,,,,,,,,,,,,,,,,,,,,,,,,,,,,,,,,,,,,,,,,,,,,,,,,,,,,,,,,,,,,,,,,,,,,,,,,,,,,,,,,,,,,,,,,,,,,,,,,,,,,,,,,,,,,,,,,,,,,,,,,,,,,,,,,,,,,,,,,,,,,,,,,,,,,,
1994-09-30,GE_,,,,,,,,,,254873000000.0,197438000000.0,3343000000.0,3343000000.0,,96875000000.0,,,,,4670000000.0,,,,,,,,,92550000000.0,57435000000.0,22806000000.0,41346000000.0,,,,,,-18540000000.0,10794000000.0,,10794000000.0,,,,,,,23835000000.0,226061000000.0,148128000000.0,13732000000.0,13732000000.0,13732000000.0,,,,,,,59879000000.0,59879000000.0,,,,,,,74517000000.0,77933000000.0,35810000000.0,35810000000.0,,5147000000.0,5147000000.0,,,,,,36976000000.0,28812000000.0,26876000000.0,,,,30723000000.0,,,-3847000000.0,1936000000.0,62686000000.0,26876000000.0,,16082000000.0,49310000000.0,122565000000.0,16082000000.0,95689000000.0,92346000000.0,10268228228.0,10268228228.0,,,,,,,,,,,,,,,,,,,,,,,,,,,,,,,,,,,,,,,,,,,,,,,,,,,,,,,,,,,,,,,,,,,,,,,,,,,,,,,,,,,,,,,,,,,,,,,,,,,,,,,,,,,,,,,,,,,,,,,,,,,,,,,,,,,,,,,,,,,,,,,,,,,,,,,,,,,,,,,,,,,,,,,,,,,,,,,,,,,,,,,,,,
2018-09-30,GE_,,,,,,,,,,,,,,,,,,,,,,,,,,,,,,,,,,,,,,,,,,,,,,,,,,,,,,,,,,,,,,,,,,,,,,,,,,,,,,,,,,,,,,,,,,,,,,,,,,,,,,,,,,,,,,,,,,,,,,,,,,,,,,,,,,,,,,,,,,,,,,,,,,,,,,,,,,,,,,,,,,,,,,,,,,29574000000.0,29574000000.0,22846000000.0,6728000000.0,4855000000.0,4855000000.0,,,,,,,1873000000.0,-1227000000.0,1227000000.0,-23383000000.0,-710000000.0,0.0,-21973000000.0,,,,-700000000.0,-22736000000.0,162000000.0,-22812000000.0,-22769000000.0,-22859000000.0,-22899000000.0,39000000.0,,90000000.0,4000000.0,-22812000000.0,-2.62,-2.62,8694000000.0,8694000000.0,,27701000000.0,-22769000000.0,-6249410000.0,1227000000.0,-1227000000.0,-21509000000.0,,22846000000.0,2482000000.0,-22808000000.0,-22683000000.0,-22683000000.0,3656000000.0,0.27,-6124410000.0,,,,,,,,,,,,,,,,,,,,,,,,,,,,,,,,,,,,,,,,,,,,,,,,,,,21973000000.0,,39000000.0,,,,,,,,,,,
2003-03-31,BA_,20047451135.0,33062451135.0,,,,0.384,2.752,,,,,,,,,,,,,,,,,,,,,,,,,,,,,,,,,,,,,,,,,,,,,,,,,,,,,,,,,,,,,,,,,,,,,,,,,,,,,,,,,,,,,,,,,,,,,,,,,,,,,,,,,,,,,,,,,,,,,,,,,,,,,,,,,,,,,,,,,,,,,,,,,,,,,,,,,,,,,,,,,,,,,,,,,,,,,,,,,,,,,,,,,,,,,,,,,,,,,,,,,,,,,,,,,,,,,,,,,,,,,,,,,,,,,,,,,,,,,,,,,,,,,,,,,,,,,,,,,,,,,,,,,,,,,,,,,,,,,,,,
2019-06-30,GE_,,,,,,,,,,312109000000.0,134910000000.0,71351000000.0,31968000000.0,39383000000.0,30191000000.0,19434000000.0,,11868000000.0,-1111000000.0,19971000000.0,10854000000.0,,8928000000.0,189000000.0,,,,13397000000.0,,177200000000.0,53803000000.0,89822000000.0,,,,,,-36019000000.0,68926000000.0,52272000000.0,16654000000.0,0.0,19176000000.0,11894000000.0,11894000000.0,,,23401000000.0,255981000000.0,72137000000.0,37937000000.0,17036000000.0,17036000000.0,,,,20901000000.0,,,15620000000.0,15620000000.0,3002000000.0,12618000000.0,,,,,18580000000.0,183844000000.0,94231000000.0,90157000000.0,4074000000.0,,,,,,32653000000.0,,56960000000.0,56128000000.0,35816000000.0,708000000.0,702000000.0,,96773000000.0,83137000000.0,-12852000000.0,34324000000.0,20312000000.0,125973000000.0,35810000000.0,4074000000.0,-33110000000.0,62773000000.0,141587000000.0,-33116000000.0,109851000000.0,73809000000.0,8727072000.0,8727072000.0,,,,,,,,,,,,,,,,,,,,,,,,,,,,,,,,,,,,,,,,,,,,,,,,,,,,,,,,,,,,,,,,,,,,,,,,,,,,,,,,,,,,,,,,,,,,,,,,,,,,,,,,,,,,,,,,,,,,,,,,,,,89822000000.0,,,,,,,,,,,,,,,,,,0.0,,,,0.0,0.0,,,,,,,,382000000.0,6000000.0,,,,,6000000.0,,,,,,,,,,,,,,,,,,,,,,,,,,
2003-04-30,GD_,12250542813.0,14602542813.0,12.052,,,0.887,2.398,,,,,,,,,,,,,,,,,,,,,,,,,,,,,,,,,,,,,,,,,,,,,,,,,,,,,,,,,,,,,,,,,,,,,,,,,,,,,,,,,,,,,,,,,,,,,,,,,,,,,,,,,,,,,,,,,,,,,,,,,,,,,,,,,,,,,,,,,,,,,,,,,,,,,,,,,,,,,,,,,,,,,,,,,,,,,,,,,,,,,,,,,,,,,,,,,,,,,,,,,,,,,,,,,,,,,,,,,,,,,,,,,,,,,,,,,,,,,,,,,,,,,,,,,,,,,,,,,,,,,,,,,,,,,,,,,,,,,,,,
2019-06-30,LHX,,,,,,,,,,,,,,,,,,,,,,,,,,,,,,,,,,,,,,,,,,,,,,,,,,,,,,,,,,,,,,,,,,,,,,,,,,,,,,,,,,,,,,,,,,,,,,,,,,,,,,,311000000.0,311000000.0,268000000.0,-34000000.0,,65000000.0,65000000.0,37000000.0,28000000.0,28000000.0,,,,,34000000.0,,-45000000.0,23000000.0,52000000.0,-22000000.0,21000000.0,,15000000.0,15000000.0,15000000.0,,,,-65000000.0,,-55000000.0,-55000000.0,-57000000.0,-57000000.0,,,,0.0,0.0,,,,,-59000000.0,-59000000.0,-3000000.0,-3000000.0,2000000.0,-5000000.0,0.0,,0.0,-81000000.0,-81000000.0,26000000.0,-1000000.0,530000000.0,197000000.0,-1000000.0,334000000.0,,-57000000.0,,2000000.0,-5000000.0,0.0,254000000.0,,,,,,,,,,,,,,,,,,,,,,,,,,,,,,,,,,,,,,,,,,,,,,,,,,,,,,,,,,,,,,,,,,,,,,,,,,,,,,,,,,,,,,,,,,,,,,,,-34000000.0,,,,,,,,,,,,,,,,,,,,,,
2016-01-29,HII,5997572000.0,6631572000.0,,,,,,,,,,,,,,,,,,,,,,,,,,,,,,,,,,,,,,,,,,,,,,,,,,,,,,,,,,,,,,,,,,,,,,,,,,,,,,,,,,,,,,,,,,,,,,,,,,,,,,,,,,,,,,,,,,,,,,,,,,,,,,,,,,,,,,,,,,,,,,,,,,,,,,,,,,,,,,,,,,,,,,,,,,,,,,,,,,,,,,,,,,,,,,,,,,,,,,,,,,,,,,,,,,,,,,,,,,,,,,,,,,,,,,,,,,,,,,,,,,,,,,,,,,,,,,,,,,,,,,,,,,,,,,,,,,,,,,,,,,,,,
2011-12-31,HII,,,,,,,,,,,,,,,,,,,,,,,,,,,,,,,,,,,,,,,,,,,,,,,,,,,,,,,,,,,,,,,,,,,,,,,,,,,,,,,,,,,,,,,,,,,,,,,,,,,,,,,,,,,,,,,,,,,,,,,,,,,,,,,,,,,,,,,,,,,,,,,,,,,,,,,,,,,,,,,,,,,,,,,,,,1735000000.0,1735000000.0,1468000000.0,267000000.0,153000000.0,153000000.0,,,,,,,114000000.0,-29000000.0,29000000.0,10000000.0,,,10000000.0,,,,,95000000.0,26000000.0,69000000.0,69000000.0,69000000.0,69000000.0,,,,,69000000.0,,,,,124000000.0,1621000000.0,69000000.0,61736842.105,29000000.0,-29000000.0,124000000.0,,1468000000.0,46000000.0,69000000.0,10000000.0,10000000.0,160000000.0,0.274,2736842.105,,,,,,,,,,,,,,,,,,,,,,,,,,,,,,,,,,,,,,,,,,,,,,,,,,,-10000000.0,,,,,,,,,,,,,
1995-08-31,LHX,1726858851.0,2253758851.0,11.175,,,0.501,1.383,,,,,,,,,,,,,,,,,,,,,,,,,,,,,,,,,,,,,,,,,,,,,,,,,,,,,,,,,,,,,,,,,,,,,,,,,,,,,,,,,,,,,,,,,,,,,,,,,,,,,,,,,,,,,,,,,,,,,,,,,,,,,,,,,,,,,,,,,,,,,,,,,,,,,,,,,,,,,,,,,,,,,,,,,,,,,,,,,,,,,,,,,,,,,,,,,,,,,,,,,,,,,,,,,,,,,,,,,,,,,,,,,,,,,,,,,,,,,,,,,,,,,,,,,,,,,,,,,,,,,,,,,,,,,,,,,,,,,,,,
2003-09-30,GE_,,,,,,,,,,,,,,,,,,,,,,,,,,,,,,,,,,,,,,,,,,,,,,,,,,,,,,,,,,,,,,,,,,,,,,,,,,,,,,,,,,,,,,,,,,,,,,,,,,,,,,,,,,,,,,,,,,,,,,,,,,,,,,,,,,,,,,,,,,,,,,,,,,,,,,,,,,,,,,,,,,,,,,,,,,33394000000.0,33188000000.0,12289000000.0,21105000000.0,13173000000.0,12112000000.0,12112000000.0,7944000000.0,,,,,7932000000.0,-2531000000.0,2531000000.0,-281000000.0,,,-281000000.0,,281000000.0,,,5120000000.0,1099000000.0,3649000000.0,3649000000.0,3649000000.0,4021000000.0,,-372000000.0,,,3649000000.0,0.36,0.36,10031000000.0,10085000000.0,,25462000000.0,4021000000.0,4241683789.063,2531000000.0,-2531000000.0,7651000000.0,,12289000000.0,1741000000.0,4021000000.0,-281000000.0,-281000000.0,9673000000.0,0.215,-60316210.938,,,,,,,,,,,,,,,,,,,,,,,,,,,,,,,,,,,,,,,,,,,,,,,,,4168000000.0,1061000000.0,,,,0.0,,,,,,,,,,
2003-06-30,GE_,287340503280.0,474580503280.0,20.486,,,2.189,3.993,,,,,,,,,,,,,,,,,,,,,,,,,,,,,,,,,,,,,,,,,,,,,,,,,,,,,,,,,,,,,,,,,,,,,,,,,,,,,,,,,,,,,,,,,,,,,,,,,,,,,,,,,,,,,,,,,,,,,,,,,,,,,,,,,,,,,,,,,,,,,,,,,,,,,,,,,,,,,,,,,,,,,,,,,,,,,,,,,,,,,,,,,,,,,,,,,,,,,,,,,,,,,,,,,,,,,,,,,,,,,,,,,,,,,,,,,,,,,,,,,,,,,,,,,,,,,,,,,,,,,,,,,,,,,,,,,,,,,,,,
1996-09-30,RTX,,,,,,,,,,,,,,,,,,,,,,,,,,,,,,,,,,,,,,,,,,,,,,,,,,,,,,,,,,,,,,,,,,,,,,,,,,,,,,,,,,,,,,,,,,,,,,,,,,,,,,,,,,,,,,,,,,,,,,,,,,,,,,,,,,,,,,,,,,,,,,,,,,,,,,,,,,,,,,,,,,,,,,,,,,5908000000.0,5908000000.0,4265000000.0,1643000000.0,1189000000.0,708000000.0,,,270000000.0,211000000.0,211000000.0,,454000000.0,,,31000000.0,,,31000000.0,,,,,398000000.0,144000000.0,254000000.0,254000000.0,287000000.0,254000000.0,,,-33000000.0,,254000000.0,0.032,0.031,966864000.0,966864000.0,454000000.0,5454000000.0,254000000.0,234216080.402,,,454000000.0,,4265000000.0,211000000.0,254000000.0,31000000.0,31000000.0,634000000.0,0.362,11216080.402,,,,,,,,,,,,,,,,,,,,,,,,,,,,,,,,,,,,,,,,,,,,,,,,,,,,,,,,,,,,,,,,
2017-11-30,RTX,96986316905.0,115723316905.0,18.771,17.953,1.915,1.656,3.246,,,,,,,,,,,,,,,,,,,,,,,,,,,,,,,,,,,,,,,,,,,,,,,,,,,,,,,,,,,,,,,,,,,,,,,,,,,,,,,,,,,,,,,,,,,,,,,,,,,,,,,,,,,,,,,,,,,,,,,,,,,,,,,,,,,,,,,,,,,,,,,,,,,,,,,,,,,,,,,,,,,,,,,,,,,,,,,,,,,,,,,,,,,,,,,,,,,,,,,,,,,,,,,,,,,,,,,,,,,,,,,,,,,,,,,,,,,,,,,,,,,,,,,,,,,,,,,,,,,,,,,,,,,,,,,,,,,,,,,,
2010-12-31,BA_,47983008866.0,49887008866.0,14.632,14.144,1.538,0.755,17.347,,,,,,,,,,,,,,,,,,,,,,,,,,,,,,,,,,,,,,,,,,,,,,,,,,,,,,,,,,,,,,,,,,,,,,,,,,,,,,,,,,,,,,,,,,,,,,,,,,,,,,,,,,,,,,,,,,,,,,,,,,,,,,,,,,,,,,,,,,,,,,,,,,,,,,,,,,,,,,,,,,,,,,,,,,,,,,,,,,,,,,,,,,,,,,,,,,,,,,,,,,,,,,,,,,,,,,,,,,,,,,,,,,,,,,,,,,,,,,,,,,,,,,,,,,,,,,,,,,,,,,,,,,,,,,,,,,,,,,,,
2021-01-15,LHX,39622927937.0,45947927937.0,,,,,,,,,,,,,,,,,,,,,,,,,,,,,,,,,,,,,,,,,,,,,,,,,,,,,,,,,,,,,,,,,,,,,,,,,,,,,,,,,,,,,,,,,,,,,,,,,,,,,,,,,,,,,,,,,,,,,,,,,,,,,,,,,,,,,,,,,,,,,,,,,,,,,,,,,,,,,,,,,,,,,,,,,,,,,,,,,,,,,,,,,,,,,,,,,,,,,,,,,,,,,,,,,,,,,,,,,,,,,,,,,,,,,,,,,,,,,,,,,,,,,,,,,,,,,,,,,,,,,,,,,,,,,,,,,,,,,,,,,,,,,
1991-12-31,RTX,6613015259.0,9609015259.0,,,,0.311,1.67,1.655,42.631,,,,,,,,,,,,,,,,,,,,,,,,,,,,,,,,,,,,,,,,,,,,,,,,,,,,,,,,,,,,,,,,,,,,,,,,,,,,,,,,,,,,,,,,,,,,,,,,,,,,,,,,,,,,,,,,,,,,,,,,,,,,,,,,,,,,,,,,,,,,,,,,,,,,,,,,,,,,,,,,,,,,,,,,,,,,,,,,,,,,,,,,,,,,,,,,,,,,,,,,,,,,,,,,,,,,,,,,,,,,,,,,,,,,,,,,,,,,,,,,,,,,,,,,,,,,,,,,,,,,,,,,,,,,,,,,,,,,,,
2014-12-31,LMT,,,,,,,,,,,,,,,,,,,,,,,,,,,,,,,,,,,,,,,,,,,,,,,,,,,,,,,,,,,,,,,,,,,,,,,,,,,,,,,,,,,,,,,,,,,,,,,,,,,,,,,,,,,,,,,,,,,,,,,,,,,,,,,,,,,,,,,,,,,,,,,,,,,,,,,,,,,,,,,,,,,,,,,,,,12530000000.0,12530000000.0,11143000000.0,1387000000.0,-74000000.0,,,,,,,-74000000.0,1387000000.0,-87000000.0,87000000.0,-42000000.0,,,-119000000.0,0.0,,,77000000.0,1258000000.0,354000000.0,904000000.0,904000000.0,904000000.0,904000000.0,0.0,,,,904000000.0,2.87,2.82,315100000.0,320600000.0,1342000000.0,11143000000.0,904000000.0,989513513.514,87000000.0,-87000000.0,1345000000.0,,11143000000.0,268000000.0,904000000.0,-119000000.0,-119000000.0,1732000000.0,0.281,-33486486.486,,,,,,,,,,,,,,,,,,,,,,,,,,,,,,,,,,,,,,,,,,,,,,,,,,,,,,,,,,,,,,,,
1993-03-31,RTX,5859096850.0,9445096850.0,,,,0.27,1.754,1.942,23.321,,,,,,,,,,,,,,,,,,,,,,,,,,,,,,,,,,,,,,,,,,,,,,,,,,,,,,,,,,,,,,,,,,,,,,,,,,,,,,,,,,,,,,,,,,,,,,,,,,,,,,,,,,,,,,,,,,,,,,,,,,,,,,,,,,,,,,,,,,,,,,,,,,,,,,,,,,,,,,,,,,,,,,,,,,,,,,,,,,,,,,,,,,,,,,,,,,,,,,,,,,,,,,,,,,,,,,,,,,,,,,,,,,,,,,,,,,,,,,,,,,,,,,,,,,,,,,,,,,,,,,,,,,,,,,,,,,,,,,
2008-08-29,LMT,46151184262.0,47645184262.0,,,,,,,,,,,,,,,,,,,,,,,,,,,,,,,,,,,,,,,,,,,,,,,,,,,,,,,,,,,,,,,,,,,,,,,,,,,,,,,,,,,,,,,,,,,,,,,,,,,,,,,,,,,,,,,,,,,,,,,,,,,,,,,,,,,,,,,,,,,,,,,,,,,,,,,,,,,,,,,,,,,,,,,,,,,,,,,,,,,,,,,,,,,,,,,,,,,,,,,,,,,,,,,,,,,,,,,,,,,,,,,,,,,,,,,,,,,,,,,,,,,,,,,,,,,,,,,,,,,,,,,,,,,,,,,,,,,,,,,,,,,,,
1985-09-30,BA_,,,,,,,,,,,,,,,,,,,,,,,,,,,,,,,,,,,,,,,,,,,,,,,,,,,,,,,,,,,,,,,,,,,,,,,,,,,,,,,,,,,,,,,,,,,,,,,,,,,,,,,,,,,,,,,,,,,,,,,,,,,,,,,,,,,,,,,,,,,,,,,,,,,,,,,,,,,,,,,,,,,,,,,,,,3093000000.0,3093000000.0,,,,,,,,,,,3093000000.0,,,,,,,,,,,,,,,132000000.0,132000000.0,,,,,,0.19,0.19,667164000.0,667164000.0,,,,,,,3093000000.0,,,,,,,3093000000.0,,,,,,,,,,,,,,,,,,,,,,,,,,,,,,,,,,,,,,,,,,,,,,,,,,,,,,,,,,,,,,,,,,
2009-03-31,BA_,,,,,,,,,,55340000000.0,27804000000.0,4450000000.0,4237000000.0,213000000.0,6238000000.0,6238000000.0,,,,15649000000.0,4493000000.0,14624000000.0,,18644000000.0,-22112000000.0,1114000000.0,1114000000.0,,353000000.0,27536000000.0,8798000000.0,21200000000.0,,,,,,-12402000000.0,6281000000.0,3654000000.0,2627000000.0,1261000000.0,,9734000000.0,3880000000.0,,12000000.0,1450000000.0,55849000000.0,29965000000.0,17908000000.0,17908000000.0,17553000000.0,355000000.0,355000000.0,,,11527000000.0,,530000000.0,530000000.0,,,,,,,,25884000000.0,8742000000.0,8742000000.0,,1035000000.0,1035000000.0,,,15820000000.0,,,287000000.0,-509000000.0,-662000000.0,5061000000.0,5061000000.0,3289000000.0,23284000000.0,17756000000.0,-13511000000.0,-1029000000.0,153000000.0,8080000000.0,-662000000.0,,-6943000000.0,-2161000000.0,8610000000.0,-6943000000.0,9272000000.0,5035000000.0,1012697467.0,726599215.0,286098252.0,,,,,,,,,,,,,,,,,,,,,,,,,,,,,,,,,,,,,,,,,,,,,,,,,,,,,,,,,,,,,,,,,,,,,,,,,,,,,,,,,,,,,,,,,,,,,,,,,,,,,,,,,,,,,,,,,,,,,,,,,,,,,,,,,,,,,,,,,,,,,,,,,,,,,,,,,,,,,,,,,,,,,,,,,,,,,,,,,,,,,,,,,
2015-09-30,RTX,78935993183.0,95445993183.0,12.768,12.97,2.703,1.255,2.599,6.922,34.284,,,,,,,,,,,,,,,,,,,,,,,,,,,,,,,,,,,,,,,,,,,,,,,,,,,,,,,,,,,,,,,,,,,,,,,,,,,,,,,,,,,,,,,,,,,,,,,,,,,,,,,,,,,,,,,,,,,,,,,,,,,,,,,,,,,,,,,,,,,,,,,,,,,,,,,,,,,,,,,,,,,,,,,,,,,,,,,,,,,,,,,,,,,,,,,,,,,,,,,,,,,,,,,,,,,,,,,,,,,,,,,,,,,,,,,,,,,,,,,,,,,,,,,,,,,,,,,,,,,,,,,,,,,,,,,,,,,,,,
2016-05-31,LHX,9824657094.0,14315657094.0,89.511,13.587,,1.348,2.919,,,,,,,,,,,,,,,,,,,,,,,,,,,,,,,,,,,,,,,,,,,,,,,,,,,,,,,,,,,,,,,,,,,,,,,,,,,,,,,,,,,,,,,,,,,,,,,,,,,,,,,,,,,,,,,,,,,,,,,,,,,,,,,,,,,,,,,,,,,,,,,,,,,,,,,,,,,,,,,,,,,,,,,,,,,,,,,,,,,,,,,,,,,,,,,,,,,,,,,,,,,,,,,,,,,,,,,,,,,,,,,,,,,,,,,,,,,,,,,,,,,,,,,,,,,,,,,,,,,,,,,,,,,,,,,,,,,,,,,,
2012-12-31,LMT,,,,,,,,,,38657000000.0,13855000000.0,1898000000.0,1898000000.0,,6563000000.0,6563000000.0,,,,2937000000.0,,7000000000.0,,869000000.0,-4932000000.0,1269000000.0,1269000000.0,,1188000000.0,24802000000.0,4675000000.0,12985000000.0,0.0,101000000.0,5388000000.0,6728000000.0,768000000.0,-8310000000.0,10370000000.0,10370000000.0,,,,4809000000.0,4809000000.0,,,4948000000.0,38618000000.0,12155000000.0,3687000000.0,3687000000.0,2038000000.0,1649000000.0,,,,,,150000000.0,150000000.0,,,,6503000000.0,,6503000000.0,1815000000.0,26463000000.0,6158000000.0,6158000000.0,,,,,,,16498000000.0,16498000000.0,3807000000.0,39000000.0,39000000.0,321000000.0,321000000.0,0.0,13211000000.0,,-13493000000.0,,,6197000000.0,39000000.0,,-10331000000.0,1700000000.0,6347000000.0,-10331000000.0,6308000000.0,4410000000.0,321000000.0,321000000.0,,,,,,,,,,,,,,,,,,,,,,,,,,,,,,,,,,,,,,,,,,,,,,,,,,,,,,,,,,,,,,,,,,,,,,,,,,,,,,,,,,,,,,,,,,,,,,,,,,,,,,,,,,,,,,,,,,,,,,,,,,,,,,,,,,,,,,,,,,,,,,,,,,,,,,,,,,,,,,,,,,,,,,,,,,,,,,,,,,,,,,,,,,
2020-03-31,RTX,,,,,,,,,,,,,,,,,,,,,,,,,,,,,,,,,,,,,,,,,,,,,,,,,,,,,,,,,,,,,,,,,,,,,,,,,,,,,,,,,,,,,,,,,,,,,,,,,,,,,,,,,,,,,,,,,,,,,,,,,,,,,,,,,,,,,,,,,,,,,,,,,,,,,,,,,,,,,,,,,,,,,,,,,,18210000000.0,18210000000.0,13408000000.0,4802000000.0,2995000000.0,2248000000.0,,,671000000.0,,,76000000.0,1807000000.0,-380000000.0,400000000.0,-472000000.0,,,-660000000.0,,660000000.0,,188000000.0,955000000.0,941000000.0,-83000000.0,-83000000.0,14000000.0,14000000.0,,,-97000000.0,,-83000000.0,-0.1,-0.1,858400000.0,858400000.0,1807000000.0,16403000000.0,-83000000.0,398800000.0,400000000.0,-380000000.0,1355000000.0,,13408000000.0,980000000.0,-83000000.0,-660000000.0,-660000000.0,2995000000.0,0.27,-178200000.0,,,,,,,,,,,,20000000.0,,,20000000.0,,,,,,,,,,,,,,,,,,,,,,,,,,,,,,,,,,,,,,,,,,,,,,,,,
1991-06-30,GE_,,,,,,,,,,,,,,,,,,,,,,,,,,,,,,,,,,,,,,,,,,,,,,,,,,,,,,,,,,,,,,,,,,,,,,,,,,,,,,,,,,,,,,,,,,,,,,,,,,,,,,,477000000.0,477000000.0,1131000000.0,-1145000000.0,,668000000.0,668000000.0,,,,112000000.0,112000000.0,,,,,,-289000000.0,17000000.0,,-132000000.0,,-174000000.0,,,,,,,,-3146000000.0,-3146000000.0,-1111000000.0,-1111000000.0,,,,,,,,,-2035000000.0,2497000000.0,2497000000.0,3011000000.0,,,,-68000000.0,102000000.0,-170000000.0,-446000000.0,,,,0.0,-172000000.0,,0.0,172000000.0,-1111000000.0,102000000.0,,,-170000000.0,-634000000.0,,,,,,,,,,,,,,,,,,,,,,,,,,,,,,,,,,,,,,,,,,,,,,,,,,,,,,,,,,,,,,,,,,,,,,,,,,,,,,,,,,,,,,,,,,,,,,,,,,,,,,,,,,,,,,,,,,,,,,
1997-12-31,LMT,,,,,,,,,,,,,,,,,,,,,,,,,,,,,,,,,,,,,,,,,,,,,,,,,,,,,,,,,,,,,,,,,,,,,,,,,,,,,,,,,,,,,,,,,,,,,,,,,,,,,,,977000000.0,977000000.0,371000000.0,,,272000000.0,272000000.0,,,,,,,,,,-311000000.0,490000000.0,,,,,,,,,,,,,-124000000.0,-124000000.0,-215000000.0,-215000000.0,,,,,,,,,-799000000.0,-963000000.0,-963000000.0,651000000.0,1517000000.0,,,39000000.0,,,-82000000.0,-74000000.0,,,0.0,,,110000000.0,,-215000000.0,,,,,762000000.0,,,,,,,,,,,,,,,,,,,,,,,,,,,,,,,,,,,,,,,,,,,,,,,,,,,,,,,,,,,,,,,,,,,,,,,,,,,,,,,,,,,,,,,,,,,,,,,,,,,,,,,,,,,,,,,,,,,,,-8000000.0,
2020-05-29,RTX,97758163266.0,138202163266.0,,,,,,,,,,,,,,,,,,,,,,,,,,,,,,,,,,,,,,,,,,,,,,,,,,,,,,,,,,,,,,,,,,,,,,,,,,,,,,,,,,,,,,,,,,,,,,,,,,,,,,,,,,,,,,,,,,,,,,,,,,,,,,,,,,,,,,,,,,,,,,,,,,,,,,,,,,,,,,,,,,,,,,,,,,,,,,,,,,,,,,,,,,,,,,,,,,,,,,,,,,,,,,,,,,,,,,,,,,,,,,,,,,,,,,,,,,,,,,,,,,,,,,,,,,,,,,,,,,,,,,,,,,,,,,,,,,,,,,,,,,,,,
